NFL1974,1,1,Dallas Cowboys,TooTallJones,Ed,Jones,,Defensive end,TennesseeState
NFL1974,1,2,San Diego Chargers,BoMatthews,Bo,Matthews,,Running back,Colorado
NFL1974,1,3,New York Giants,JohnHicks,John,Hicks,,Guard,OhioState
NFL1974,1,4,Chicago Bears,WaymondBryant,Waymond,Bryant,,Linebacker,TennesseeState
NFL1974,1,5,Baltimore Colts,JohnDutton,John,Dutton,,Defensive end,Nebraska
NFL1974,1,6,New York Jets,CarlBarzilauskas,Carl,Barzilauskas,,Defensive tackle,Indiana
NFL1974,1,7,St Louis Cardinals,JVCain,JV,Cain,,Tight end,Colorado
NFL1974,1,8,Detroit Lions,EdONeil,Ed,O'Neil,,Linebacker,PennState
NFL1974,1,9,San Francisco 49ers,WilburJackson,Wilbur,Jackson,,Running back,Alabama
NFL1974,1,10,San Francisco 49ers,BillSandifer,Bill,Sandifer,,Defensive tackle,UCLA
NFL1974,1,11,Los Angeles Rams,JohnCappelletti,John,Cappelletti,,Running back,PennState
NFL1974,1,12,Green Bay Packers,BartySmith,Barty,Smith,,Running back,Richmond
NFL1974,1,13,New Orleans Saints,RickMiddleton,Rick,Middleton,,Linebacker,OhioState
NFL1974,1,14,Denver Broncos,RandyGradishar,Randy,Gradishar,,Linebacker,OhioState
NFL1974,1,15,San Diego Chargers,DonGoode,Don,Goode,,Linebacker,Kansas
NFL1974,1,16,Kansas City Chiefs,WoodyGreen,Woody,Green,,Running back,ArizonaState
NFL1974,1,17,Minnesota Vikings,FredMcNeill,Fred,McNeill,,Linebacker,UCLA
NFL1974,1,18,Buffalo Bills,ReubenGant,Reuben,Gant,,Tight end,OklahomaState
NFL1974,1,19,Oakland Raiders,HenryLawrence,Henry,Lawrence,,Defensive tackle,FloridaA&M
NFL1974,1,20,Chicago Bears,DaveGallagher,Dave,Gallagher,,Defensive end,Michigan
NFL1974,1,21,Pittsburgh Steelers,LynnSwann,Lynn,Swann,,Wide receiver,USC
NFL1974,1,22,Dallas Cowboys,CharleyYoung,Charley,Young,,Running back,NorthCarolinaState
NFL1974,1,23,Cincinnati Bengals,BillKollar,Bill,Kollar,,Defensive tackle,MontanaState
NFL1974,1,24,Baltimore Colts,RogerCarr,Roger,Carr,,Wide receiver,LouisianaTech
NFL1974,1,25,Minnesota Vikings,SteveRiley,Steve,Riley,,Tackle,USC
NFL1974,1,26,Miami Dolphins,DonReese,Don,Reese,,Defensive end,JacksonState
NFL1974,2,27,Buffalo Bills,DougAllen,Doug,Allen,,Linebacker,PennState
NFL1974,2,28,New York Giants,TomMullen,Tom,Mullen,,Guard,SWMissouriState
NFL1974,2,29,Minnesota Vikings,JohnHolland,John,Holland,,Wide receiver,TennesseeState
NFL1974,2,30,New England Patriots,SteveCorbett,Steve,Corbett,,Guard,BostonCollege
NFL1974,2,31,New York Jets,GordonBrowne,Gordon,Browne,,Tackle,BostonCollege
NFL1974,2,32,Baltimore Colts,FredCook,Fred,Cook,,Defensive end,SouthernMississippi
NFL1974,2,33,St Louis Cardinals,GregKindle,Greg,Kindle,,Tackle,TennesseeState
NFL1974,2,34,New England Patriots,SteveNelson,Steve,Nelson,,Linebacker,NorthDakotaState
NFL1974,2,35,San Francisco 49ers,KeithFahnhorst,Keith,Fahnhorst,,Tight end,Minnesota
NFL1974,2,36,New Orleans Saints,PaulSeal,Paul,Seal,,Tight end,Michigan
NFL1974,2,37,Baltimore Colts,EdShuttlesworth,Ed,Shuttlesworth,,Running back,Michigan
NFL1974,2,38,Miami Dolphins,AndreTillman,Andre,Tillman,,Tight end,TexasTech
NFL1974,2,39,Detroit Lions,BillyHoward,Billy,Howard,,Defensive tackle,AlcornA&M
NFL1974,2,40,Cleveland Browns,BillyCorbett,Billy,Corbett,,Tackle,JohnsonC.Smith
NFL1974,2,41,Kansas City Chiefs,CharlieGetty,Charlie,Getty,,Tackle,PennState
NFL1974,2,42,Denver Broncos,CarlWafer,Carl,Wafer,,Defensive tackle,TennesseeState
NFL1974,2,43,San Diego Chargers,MarkMarkovich,Mark,Markovich,,Center,PennState
NFL1974,2,44,Atlanta Falcons,GeraldTinker,Gerald,Tinker,,Wide receiver,KentState
NFL1974,2,45,Oakland Raiders,DaveCasper,Dave,Casper,,Tight end,NotreDame
NFL1974,2,46,Pittsburgh Steelers,JackLambert,Jack,Lambert,,Linebacker,KentState
NFL1974,2,47,Miami Dolphins,BennyMalone,Benny,Malone,,Running back,ArizonaState
NFL1974,2,48,Cincinnati Bengals,CharlieDavis2,Charlie,Davis,,Running back,Colorado
NFL1974,2,49,San Francisco 49ers,DelvinWilliams,Delvin,Williams,,Running back,Kansas
NFL1974,2,50,Los Angeles Rams,BillSimpson,Bill,Simpson,,Safety,MichiganState
NFL1974,2,51,Minnesota Vikings,MattBlair,Matt,Blair,,Linebacker,IowaState
NFL1974,2,52,Miami Dolphins,JerisWhite,Jeris,White,,Cornerback,Hawaii
NFL1974,3,53,Dallas Cowboys,DannyWhite,Danny,White,,Quarterback,ArizonaState
NFL1974,3,54,Chicago Bears,WayneWheeler,Wayne,Wheeler,,Wide receiver,Alabama
NFL1974,3,55,New York Giants,RickDvorak,Rick,Dvorak,,Defensive end,WichitaState
NFL1974,3,56,Chicago Bears,GregHorton,Greg,Horton,,Guard,Colorado
NFL1974,3,57,Baltimore Colts,GlennRobinson,Glenn,Robinson,,Linebacker,OklahomaState
NFL1974,3,58,New York Jets,GodwinTurk,Godwin,Turk,,Linebacker,Southern
NFL1974,3,59,San Diego Chargers,BillRudder,Bill,Rudder,,Running back,Tennessee
NFL1974,3,60,St Louis Cardinals,SteveGeorge,Steve,George,,Defensive tackle,Houston
NFL1974,3,61,Cincinnati Bengals,DaveLapham,Dave,Lapham,,Guard,Syracuse
NFL1974,3,62,Chicago Bears,CliffTaylor,Cliff,Taylor,,Running back,MemphisState
NFL1974,3,63,Philadelphia Eagles,MitchSutton,Mitch,Sutton,,Defensive tackle,Kansas
NFL1974,3,64,Minnesota Vikings,SteveCraig,Steve,Craig,,Tight end,Northwestern
NFL1974,3,65,Detroit Lions,DexterBussey,Dexter,Bussey,,Running back,TexasArlington
NFL1974,3,66,Kansas City Chiefs,DavidJaynes,David,Jaynes,,Quarterback,Kansas
NFL1974,3,67,Baltimore Colts,RobertPratt,Robert,Pratt,,Guard,NorthCarolina
NFL1974,3,68,Denver Broncos,ClaudieMinor,Claudie,Minor,,Tackle,SanDiegoState
NFL1974,3,69,Atlanta Falcons,KimMcQuilken,Kim,McQuilken,,Quarterback,Lehigh
NFL1974,3,70,Buffalo Bills,GaryMarangi,Gary,Marangi,,Quarterback,BostonCollege
NFL1974,3,71,Atlanta Falcons,MauriceSpencer,Maurice,Spencer,,Defensive back,NorthCarolinaCentral
NFL1974,3,72,Dallas Cowboys,CalPeterson,Cal,Peterson,,Linebacker,UCLA
NFL1974,3,73,Cincinnati Bengals,EvanJolitz,Evan,Jolitz,,Linebacker,Cincinnati
NFL1974,3,74,New York Jets,RoscoeWord,Roscoe,Word,,Defensive back,JacksonState
NFL1974,3,75,Oakland Raiders,MarkvanEeghen,Mark,van Eeghen,,Running back,Colgate
NFL1974,3,76,Los Angeles Rams,AlOliver,Al,Oliver,,Tackle,UCLA
NFL1974,3,77,Minnesota Vikings,ScottAnderson,Scott,Anderson,,Center,Missouri
NFL1974,3,78,Miami Dolphins,NatMoore,Nat,Moore,,Wide receiver,Florida
NFL1974,4,79,Houston Oilers,SteveManstedt,Steve,Manstedt,,Linebacker,Nebraska
NFL1974,4,80,New York Giants,CarlSummerell,Carl,Summerell,,Quarterback,EastCarolina
NFL1974,4,81,San Diego Chargers,HarrisonDavis,Harrison,Davis,,Wide receiver,Virginia
NFL1974,4,82,Pittsburgh Steelers,JohnStallworth,John,Stallworth,,Wide receiver,AlabamaA&M
NFL1974,4,83,San Francisco 49ers,ClintHaslerig,Clint,Haslerig,,Wide receiver,Michigan
NFL1974,4,84,Baltimore Colts,TonyBell,Tony,Bell,,Defensive back,BowlingGreen
NFL1974,4,85,St Louis Cardinals,DurwoodKeeton,Durwood,Keeton,,Defensive back,Oklahoma
NFL1974,4,86,Minnesota Vikings,MikeTownsend,Mike,Townsend,,Defensive back,NotreDame
NFL1974,4,87,Cincinnati Bengals,MikeBoryla,Mike,Boryla,,Quarterback,Stanford
NFL1974,4,88,New Orleans Saints,RodMcNeill,Rod,McNeill,,Running back,USC
NFL1974,4,89,Philadelphia Eagles,FrankLeMaster,Frank,LeMaster,,Linebacker,Kentucky
NFL1974,4,90,San Francisco 49ers,SammyJohnson,Sammy,Johnson,,Running back,NorthCarolina
NFL1974,4,91,St Louis Cardinals,IkeHarris,Ike,Harris,,Wide receiver,IowaState
NFL1974,4,92,Denver Broncos,OzellCollie,Ozell,Collie,,Defensive back,Colorado
NFL1974,4,93,Oakland Raiders,MorrisBradshaw,Morris,Bradshaw,,Wide receiver,OhioState
NFL1974,4,94,Kansas City Chiefs,MattHerkenhoff,Matt,Herkenhoff,,Tackle,Minnesota
NFL1974,4,95,Buffalo Bills,CarlesterCrumpler,Carlester,Crumpler,,Running back,EastCarolina
NFL1974,4,96,Atlanta Falcons,VinceKendrick,Vince,Kendrick,,Running back,Florida
NFL1974,4,97,Dallas Cowboys,KenHutcherson,Ken,Hutcherson,,Linebacker,LivingstonAla
NFL1974,4,98,Cincinnati Bengals,DarylWhite,Daryl,White,,Guard,Nebraska
NFL1974,4,99,Los Angeles Rams,NorrisWeese,Norris,Weese,,Quarterback,Mississippi
NFL1974,4,100,Pittsburgh Steelers,JimmyAllen,Jimmy,Allen,,Defensive back,UCLA
NFL1974,4,101,Dallas Cowboys,AndyAdrade,Andy,Adrade,,Running back,NorthernMichigan
NFL1974,4,102,Los Angeles Rams,FrankJohnson,Frank,Johnson,,Tackle,CaliforniaRiverside
NFL1974,4,103,Cincinnati Bengals,RichardWilliams,Richard,Williams,,Wide receiver,AbileneChristian
NFL1974,4,104,Miami Dolphins,BillStevenson,Bill,Stevenson,,Defensive tackle,Drake
NFL1974,5,105,San Diego Chargers,JohnTeerlinck,John,Teerlinck,,Defensive tackle,WesternIllinois
NFL1974,5,106,Buffalo Bills,GaryHayman,Gary,Hayman,,Wide receiver,PennState
NFL1974,5,107,New York Giants,DonClune,Don,Clune,,Wide receiver,Pennsylvania
NFL1974,5,108,Philadelphia Eagles,JimCagle,Jim,Cagle,,Defensive tackle,Georgia
NFL1974,5,109,Atlanta Falcons,HenryChilds,Henry,Childs,,Tight end,KansasState
NFL1974,5,110,New York Jets,GaryBaccus,Gary,Baccus,,Linebacker,Oklahoma
NFL1974,5,111,St Louis Cardinals,SteveNeils,Steve,Neils,,Linebacker,Minnesota
NFL1974,5,112,New England Patriots,AndyJohnson,Andy,Johnson,,Running back,Georgia
NFL1974,5,113,New Orleans Saints,JoelParker,Joel,Parker,,Wide receiver,Florida
NFL1974,5,114,Cincinnati Bengals,HaskelStanback,Haskel,Stanback,,Running back,Tennessee
NFL1974,5,115,Philadelphia Eagles,KeithKrepfle,Keith,Krepfle,,Tight end,IowaState
NFL1974,5,116,Green Bay Packers,SteveOdom,Steve,Odom,,Wide receiver,Utah
NFL1974,5,117,Detroit Lions,CarlCapria,Carl,Capria,,Defensive back,Purdue
NFL1974,5,118,Cleveland Browns,MarkIlgenfritz,Mark,Ilgenfritz,,Defensive end,Vanderbilt
NFL1974,5,119,New York Giants,ClydePowers,Clyde,Powers,,Defensive back,Oklahoma
NFL1974,5,120,Minnesota Vikings,JimFerguson,Jim,Ferguson,,Defensive back,Stanford
NFL1974,5,121,New Orleans Saints,TerrySchmidt,Terry,Schmidt,,Defensive back,BallState
NFL1974,5,122,Buffalo Bills,TimGuy,Tim,Guy,,Tackle,Oregon
NFL1974,5,123,Oakland Raiders,PeteWessel,Pete,Wessel,,Defensive back,Northwestern
NFL1974,5,124,New England Patriots,CharlesBattle,Charles,Battle,,Defensive end,Grambling
NFL1974,5,125,Pittsburgh Steelers,MikeWebster,Mike,Webster,,Center,Wisconsin
NFL1974,5,126,Dallas Cowboys,JohnKelsey,John,Kelsey,,Tackle,Missouri
NFL1974,5,127,Cincinnati Bengals,RichardBishop,Richard,Bishop,,Defensive tackle,Louisville
NFL1974,5,128,Atlanta Falcons,MonroeEley,Monroe,Eley,,Running back,ArizonaState
NFL1974,5,129,Baltimore Colts,DougNettles,Doug,Nettles,,Defensive back,Vanderbilt
NFL1974,5,130,Miami Dolphins,ClevelandVann,Cleveland,Vann,,Linebacker,OklahomaState
NFL1974,6,131,Kansas City Chiefs,JayWashington,Jay,Washington,,Running back,Clemson
NFL1974,6,132,New York Giants,JimPietrzak,Jim,Pietrzak,,Tackle,EasternMichigan
NFL1974,6,133,San Diego Chargers,JesseFreitas,Jesse,Freitas,,Quarterback,SanDiegoState
NFL1974,6,134,Green Bay Packers,DonWoods,Don,Woods,,Running back,NewMexico
NFL1974,6,135,New York Jets,BillWyman,Bill,Wyman,,Center,Texas
NFL1974,6,136,Miami Dolphins,RandyCrowder,Randy,Crowder,,Defensive end,PennState
NFL1974,6,137,New York Jets,WayneJones,Wayne,Jones,,Running back,MississippiState
NFL1974,6,138,San Francisco 49ers,MikeRaines,Mike,Raines,,Defensive tackle,Alabama
NFL1974,6,139,Detroit Lions,WillieBurden,Willie,Burden,,Running back,NorthCarolinaState
NFL1974,6,140,Baltimore Colts,DannyRhodes,Danny,Rhodes,,Linebacker,Arkansas
NFL1974,6,141,New England Patriots,ChuckRamsey,Chuck,Ramsey,,Kicker,WakeForest
NFL1974,6,142,Green Bay Packers,KenPayne,Ken,Payne,,Wide receiver,Langston
NFL1974,6,143,Detroit Lions,JimDavis,Jim,Davis,,Guard,AlcornA&M
NFL1974,6,144,Washington Redskins,JonKeyworth,Jon,Keyworth,,Tight end,Colorado
NFL1974,6,145,Denver Broncos,JohnWinesberry,John,Winesberry,,Wide receiver,Stanford
NFL1974,6,146,Cleveland Browns,BillyPritchett,Billy,Pritchett,,Running back,WestTexasState
NFL1974,6,147,Atlanta Falcons,DoyleOrange,Doyle,Orange,,Running back,SouthernMississippi
NFL1974,6,148,Oakland Raiders,JamesMcAlister,James,McAlister,,Running back,UCLA
NFL1974,6,149,Pittsburgh Steelers,JimWolf,Jim,Wolf,,Defensive end,PrairieViewA&M
NFL1974,6,150,Pittsburgh Steelers,RickDruschel,Rick,Druschel,,Guard,NorthCarolinaState
NFL1974,6,151,Dallas Cowboys,JimBright,Jim,Bright,,Defensive back,UCLA
NFL1974,6,152,Cincinnati Bengals,RobinSinclair,Robin,Sinclair,,Defensive back,WashingtonState
NFL1974,6,153,Cincinnati Bengals,BillBryant,Bill,Bryant,,Defensive back,Grambling
NFL1974,6,154,Houston Oilers,BookerBrown,Booker,Brown,,Guard,USC
NFL1974,6,155,Minnesota Vikings,MarkKellar,Mark,Kellar,,Running back,NorthernIllinois
NFL1974,6,156,Miami Dolphins,BobWolfe,Bob,Wolfe,,Tackle,Nebraska
NFL1974,7,157,Houston Oilers,LeonardFairley,Leonard,Fairley,,Defensive back,AlcornA&M
NFL1974,7,158,Los Angeles Rams,JohnHarvey,John,Harvey,,Running back,TexasArlington
NFL1974,7,159,New York Giants,MartyWoolbright,Marty,Woolbright,,Tight end,SouthCarolina
NFL1974,7,160,Chicago Bears,JackEttinger,Jack,Ettinger,,Wide receiver,Arkansas
NFL1974,7,161,Baltimore Colts,NoahJackson,Noah,Jackson,,Guard,Tampa
NFL1974,7,162,New York Jets,BurneyVeazey,Burney,Veazey,,Tight end,Mississippi
NFL1974,7,163,Cleveland Browns,BobHerrick,Bob,Herrick,,Wide receiver,Purdue
NFL1974,7,164,Miami Dolphins,CarlSwierc,Carl,Swierc,,Wide receiver,Rice
NFL1974,7,165,Pittsburgh Steelers,AllenSitterle,Allen,Sitterle,,Tackle,NorthCarolinaState
NFL1974,7,166,San Francisco 49ers,KermitJohnson,Kermit,Johnson,,Running back,UCLA
NFL1974,7,167,Philadelphia Eagles,WillieCullars,Willie,Cullars,,Defensive end,KansasState
NFL1974,7,168,Green Bay Packers,BartPurvis,Bart,Purvis,,Tackle,Maryland
NFL1974,7,169,Detroit Lions,EfrenHerrera,Efren,Herrera,,Kicker,UCLA
NFL1974,7,170,Baltimore Colts,DanDickel,Dan,Dickel,,Linebacker,Iowa
NFL1974,7,171,Cleveland Browns,GerrySullivan,Gerry,Sullivan,,Tackle,Illinois
NFL1974,7,172,Kansas City Chiefs,LeroyHegge,Leroy,Hegge,,Defensive end,SouthernS.D.
NFL1974,7,173,Atlanta Falcons,JimCoode,Jim,Coode,,Tackle,Michigan
NFL1974,7,174,Baltimore Colts,FreddieScott,Freddie,Scott,,Wide receiver,Amherst
NFL1974,7,175,Oakland Raiders,RodGarcia,Rod,Garcia,,Kicker,Stanford
NFL1974,7,176,Dallas Cowboys,RaymondNester,Raymond,Nester,,Linebacker,MichiganState
NFL1974,7,177,Cincinnati Bengals,KenSawyer,Ken,Sawyer,,Defensive back,Syracuse
NFL1974,7,178,New England Patriots,MauryDamkroger,Maury,Damkroger,,Linebacker,Nebraska
NFL1974,7,179,Pittsburgh Steelers,ScottGarske,Scott,Garske,,Tight end,EasternWashington
NFL1974,7,180,Washington Redskins,MikeVarty,Mike,Varty,,Linebacker,Northwestern
NFL1974,7,181,Minnesota Vikings,FredTabron,Fred,Tabron,,Running back,SWMissouriState
NFL1974,7,182,Miami Dolphins,JoeSullivan,Joe,Sullivan,,Guard,BostonCollege
NFL1974,8,183,Houston Oilers,MikeMcCoy2,Mike,McCoy,,Defensive back,WesternKentucky
NFL1974,8,184,New York Giants,EzilBibbs,Ezil,Bibbs,,Defensive end,Grambling
NFL1974,8,185,San Diego Chargers,TomForrest,Tom,Forrest,,Guard,Cincinnati
NFL1974,8,186,Chicago Bears,AlanChadwick,Alan,Chadwick,,Quarterback,EastTennesseeState
NFL1974,8,187,New York Jets,GregGantt,Greg,Gantt,,Kicker,Alabama
NFL1974,8,188,Baltimore Colts,GregLatta,Greg,Latta,,Tight end,MorganState
NFL1974,8,189,St Louis Cardinals,SergioAlbert,Sergio,Albert,,Kicker,U.S.International
NFL1974,8,190,Chicago Bears,KenGrandberry,Ken,Grandberry,,Running back,WashingtonState
NFL1974,8,191,San Francisco 49ers,JimSchnietz,Jim,Schnietz,,Guard,Missouri
NFL1974,8,192,New York Jets,LarryLightfoot,Larry,Lightfoot,,Running back,LivingstonAla
NFL1974,8,193,Philadelphia Eagles,RobertWoods2,Robert,Woods,,Linebacker,HowardPayne
NFL1974,8,194,Green Bay Packers,MonteDoris,Monte,Doris,,Linebacker,USC
NFL1974,8,195,Detroit Lions,MikeDenimarck,Mike,Denimarck,,Linebacker,EmporiaState
NFL1974,8,196,Washington Redskins,DarwinRobinson,Darwin,Robinson,,Running back,DakotaState
NFL1974,8,197,New York Jets,RonRydalch,Ron,Rydalch,,Defensive tackle,Utah
NFL1974,8,198,Baltimore Colts,PaulMiles,Paul,Miles,,Running back,BowlingGreen
NFL1974,8,199,Cleveland Browns,EddieBrown,Eddie,Brown,,Defensive back,Tennessee
NFL1974,8,200,Green Bay Packers,NedGuillet,Ned,Guillet,,Defensive back,BostonCollege
NFL1974,8,201,New Orleans Saints,AlvinMaxson,Alvin,Maxson,,Running back,SouthernMethodist
NFL1974,8,202,Cincinnati Bengals,JohnMcDaniel,John,McDaniel,,Wide receiver,Lincoln
NFL1974,8,203,Buffalo Bills,GregHare,Greg,Hare,,Quarterback,OhioState
NFL1974,8,204,Pittsburgh Steelers,MarkGefert,Mark,Gefert,,Linebacker,Purdue
NFL1974,8,205,Dallas Cowboys,MikeHolt,Mike,Holt,,Defensive back,MichiganState
NFL1974,8,206,San Diego Chargers,BonBoatwright,Bon,Boatwright,,Tackle,OklahomaState
NFL1974,8,207,Minnesota Vikings,BerlSimmons,Berl,Simmons,,Kicker,TexasChristian
NFL1974,8,208,Miami Dolphins,MelvinBaker,Melvin,Baker,,Wide receiver,TexasSouthern
NFL1974,9,209,New England Patriots,EdMcCartney,Ed,McCartney,,Linebacker,NortheastOklahoma
NFL1974,9,210,San Diego Chargers,DannyColbert,Danny,Colbert,,Defensive back,Tulsa
NFL1974,9,211,New York Giants,JimRathje,Jim,Rathje,,Running back,NorthernMichigan
NFL1974,9,212,Miami Dolphins,TomWickert,Tom,Wickert,,Guard,WashingtonState
NFL1974,9,213,Los Angeles Rams,DonHutt,Don,Hutt,,Wide receiver,BoiseState
NFL1974,9,214,New York Jets,RobertBurns,Robert,Burns,,Running back,Georgia
NFL1974,9,215,St Louis Cardinals,ReggieHarrison,Reggie,Harrison,,Running back,Cincinnati
NFL1974,9,216,San Francisco 49ers,ManfredMoore,Manfred,Moore,,Running back,USC
NFL1974,9,217,New Orleans Saints,PhilLaPorta,Phil,LaPorta,,Tackle,PennState
NFL1974,9,218,Washington Redskins,MarkSens,Mark,Sens,,Defensive end,Colorado
NFL1974,9,219,Philadelphia Eagles,MarkSheridan,Mark,Sheridan,,Wide receiver,HolyCross
NFL1974,9,220,Green Bay Packers,HaroldHolton,Harold,Holton,,Guard,TexasElPaso
NFL1974,9,221,Los Angeles Rams,DerekWilliams,Derek,Williams,,Defensive back,CaliforniaRiverside
NFL1974,9,222,Kansas City Chiefs,JimJennings,Jim,Jennings,,Running back,Rutgers
NFL1974,9,223,Pittsburgh Steelers,TommyReamon,Tommy,Reamon,,Running back,Missouri
NFL1974,9,224,Cleveland Browns,DanScott,Dan,Scott,,Guard,OhioState
NFL1974,9,225,Atlanta Falcons,LarryBailey,Larry,Bailey,,Defensive tackle,Pacific
NFL1974,9,226,Buffalo Bills,BrianDoherty,Brian,Doherty,,Punter,NotreDame
NFL1974,9,227,Oakland Raiders,KenithPope,Kenith,Pope,,Defensive back,Oklahoma
NFL1974,9,228,Washington Redskins,MikeFlater,Mike,Flater,,Kicker,ColoradoSchoolofMines
NFL1974,9,229,Pittsburgh Steelers,CharlieDavis,Charlie,Davis,,Tackle,TexasChristian
NFL1974,9,230,Dallas Cowboys,BillDulin,Bill,Dulin,,Tackle,JohnsonC.Smith
NFL1974,9,231,Cincinnati Bengals,EdwardJohnson,Edward,Johnson,,Defensive end,SouthernMethodist
NFL1974,9,232,Minnesota Vikings,SamMcCullum,Sam,McCullum,,Wide receiver,MontanaState
NFL1974,9,233,Washington Redskins,JimKennedy,Jim,Kennedy,,Tight end,ColoradoState
NFL1974,9,234,Miami Dolphins,BobLally,Bob,Lally,,Linebacker,Cornell
NFL1974,10,235,New Orleans Saints,FrostyAnderson,Frosty,Anderson,,Wide receiver,Nebraska
NFL1974,10,236,New York Giants,RayRhodes,Ray,Rhodes,,Wide receiver,Tulsa
NFL1974,10,237,San Diego Chargers,JohnKetchoyian,John,Ketchoyian,,Linebacker,SantaClara
NFL1974,10,238,Cleveland Browns,MikePuestow,Mike,Puestow,,Wide receiver,NorthDakotaState
NFL1974,10,239,New York Jets,SamBaker,Sam,Baker,,Guard,Georgia
NFL1974,10,240,Baltimore Colts,BobVanDuyne,Bob,Van Duyne,,Guard,Idaho
NFL1974,10,241,Buffalo Bills,ArtCameron,Art,Cameron,,Tight end,AlbanyState
NFL1974,10,242,New Orleans Saints,TommyThibodeaux,Tommy,Thibodeaux,,Guard,Tulane
NFL1974,10,243,Pittsburgh Steelers,JimKregel,Jim,Kregel,,Guard,OhioState
NFL1974,10,244,San Francisco 49ers,GlenGaspard,Glen,Gaspard,,Linebacker,Texas
NFL1974,10,245,Philadelphia Eagles,PhilPolak,Phil,Polak,,Running back,BowlingGreen
NFL1974,10,246,Green Bay Packers,DougTroszak,Doug,Troszak,,Defensive tackle,Michigan
NFL1974,10,247,Detroit Lions,DavidWooley,David,Wooley,,Running back,CentralStateOK
NFL1974,10,248,Denver Broncos,CharlieJohnson,Charlie,Johnson,,Defensive back,Southern
NFL1974,10,249,Buffalo Bills,DonCalhoun,Don,Calhoun,,Running back,KansasState
NFL1974,10,250,Kansas City Chiefs,TomCondon,Tom,Condon,,Guard,BostonCollege
NFL1974,10,251,St Louis Cardinals,GregHartle,Greg,Hartle,,Linebacker,NewberryCollege
NFL1974,10,252,Atlanta Falcons,PaulRyczek,Paul,Ryczek,,Center,Virginia
NFL1974,10,253,Oakland Raiders,ChrisArnold,Chris,Arnold,,Defensive back,VirginiaState
NFL1974,10,254,Pittsburgh Steelers,DaveAtkinson,Dave,Atkinson,,Defensive back,BrighamYoung
NFL1974,10,255,Dallas Cowboys,DennisMorgan,Dennis,Morgan,,Running back,WesternIllinois
NFL1974,10,256,Cincinnati Bengals,ChuckHerd,Chuck,Herd,,Tight end,PennState
NFL1974,10,257,Baltimore Colts,GlennEllis,Glenn,Ellis,,Defensive tackle,ElonCollege
NFL1974,10,258,Washington Redskins,JohnnyVann,Johnny,Vann,,Defensive back,SouthDakota
NFL1974,10,259,Minnesota Vikings,BarryReed,Barry,Reed,,Running back,Peru
NFL1974,10,260,Miami Dolphins,GaryValbuena,Gary,Valbuena,,Quarterback,Tennessee
NFL1974,11,261,Houston Oilers,SteveTaylor,Steve,Taylor,,Center,Auburn
NFL1974,11,262,San Diego Chargers,DaveGrannell,Dave,Grannell,,Tight end,ArizonaState
NFL1974,11,263,New York Giants,BobbyBrooks,Bobby,Brooks,,Defensive back,Bishop
NFL1974,11,264,Chicago Bears,NormHodgins,Norm,Hodgins,,Defensive back,LouisianaState
NFL1974,11,265,Baltimore Colts,TimRudnick,Tim,Rudnick,,Defensive back,NotreDame
NFL1974,11,266,New York Jets,EugeneBird,Eugene,Bird,,Defensive back,SouthernMississippi
NFL1974,11,267,New York Jets,WilliamBuckley,William,Buckley,,Wide receiver,MississippiState
NFL1974,11,268,New England Patriots,ArchieGibson,Archie,Gibson,,Running back,UtahState
NFL1974,11,269,San Francisco 49ers,GregBattle,Greg,Battle,,Defensive back,ColoradoState
NFL1974,11,270,New Orleans Saints,KentMerritt,Kent,Merritt,,Wide receiver,Virginia
NFL1974,11,271,Philadelphia Eagles,BillBrittain,Bill,Brittain,,Center,KansasState
NFL1974,11,272,Green Bay Packers,EricTorkelson,Eric,Torkelson,,Running back,Connecticut
NFL1974,11,273,Detroit Lions,TCBlair,TC,Blair,,Tight end,Tulsa
NFL1974,11,274,Cleveland Browns,TomGooden,Tom,Gooden,,Kicker,HardingCollege
NFL1974,11,275,Kansas City Chiefs,BobThornbladh,Bob,Thornbladh,,Running back,Michigan
NFL1974,11,276,Denver Broncos,SteveBuchanan,Steve,Buchanan,,Running back,HolyCross
NFL1974,11,277,Atlanta Falcons,EddieWilson,Eddie,Wilson,,Wide receiver,AlbanyState
NFL1974,11,278,Buffalo Bills,RodKirby,Rod,Kirby,,Linebacker,Pittsburgh
NFL1974,11,279,Oakland Raiders,HaroldHart,Harold,Hart,,Running back,TexasSouthern
NFL1974,11,280,Dallas Cowboys,HarveyMcGee,Harvey,McGee,,Wide receiver,SouthernMississippi
NFL1974,11,281,Cincinnati Bengals,EdKezirian,Ed,Kezirian,,Tackle,UCLA
NFL1974,11,282,Washington Redskins,JoeMiller,Joe,Miller,,Tackle,Villanova
NFL1974,11,283,Pittsburgh Steelers,DickeyMorton,Dickey,Morton,,Running back,Arkansas
NFL1974,11,284,Los Angeles Rams,RickHayes,Rick,Hayes,,Tackle,Washington
NFL1974,11,285,Minnesota Vikings,DavidBoone,David,Boone,,Defensive end,EasternMichigan
NFL1974,11,286,Miami Dolphins,GerryRoberts,Gerry,Roberts,,Defensive end,UCLA
NFL1974,12,287,Houston Oilers,RickyBrowne,Ricky,Browne,,Linebacker,Florida
NFL1974,12,288,New York Giants,JamesSims,James,Sims,,Defensive back,USC
NFL1974,12,289,San Diego Chargers,SamWilliams,Sam,Williams,,Defensive back,California
NFL1974,12,290,Chicago Bears,JeffSevy,Jeff,Sevy,,Defensive tackle,California
NFL1974,12,291,New York Jets,JohnRicca,John,Ricca,,Defensive end,Duke
NFL1974,12,292,Baltimore Colts,DaveSimonson,Dave,Simonson,,Tackle,Minnesota
NFL1974,12,293,St Louis Cardinals,RogerWallace,Roger,Wallace,,Wide receiver,BowlingGreen
NFL1974,12,294,San Francisco 49ers,TomHull,Tom,Hull,,Linebacker,PennState
NFL1974,12,295,New Orleans Saints,JimBuckmon,Jim,Buckmon,,Defensive end,Pittsburgh
NFL1974,12,296,New England Patriots,EddieFoster,Eddie,Foster,,Tackle,Oklahoma
NFL1974,12,297,Philadelphia Eagles,ArtimusParker,Artimus,Parker,,Defensive back,USC
NFL1974,12,298,Green Bay Packers,RandyWalker,Randy,Walker,,Kicker,N.W.Louisiana
NFL1974,12,299,Detroit Lions,MarkWakefield,Mark,Wakefield,,Wide receiver,Tampa
NFL1974,12,300,Kansas City Chiefs,CarlBrown,Carl,Brown,,Wide receiver,WestTexasState
NFL1974,12,301,Denver Broncos,LarryCameron,Larry,Cameron,,Linebacker,AlcornA&M
NFL1974,12,302,Cleveland Browns,RonMcNeil,Ron,McNeil,,Defensive end,NorthCarolinaCentral
NFL1974,12,303,Buffalo Bills,DaveMeans,Dave,Means,,Defensive end,SoutheastMissouriState
NFL1974,12,304,Atlanta Falcons,VicKoegel,Vic,Koegel,,Linebacker,OhioState
NFL1974,12,305,Oakland Raiders,NoeGonzalez,Noe,Gonzalez,,Running back,SouthwestTexasState
NFL1974,12,306,Cincinnati Bengals,RudyMcClinon,Rudy,McClinon,,Defensive back,Xavier
NFL1974,12,307,Baltimore Colts,BobBobrowski,Bob,Bobrowski,,Quarterback,Purdue
NFL1974,12,308,Pittsburgh Steelers,HughLickiss,Hugh,Lickiss,,Linebacker,Simpson
NFL1974,12,309,Dallas Cowboys,KeithBobo,Keith,Bobo,,Quarterback,SouthernMethodist
NFL1974,12,310,Los Angeles Rams,RogerFreberg,Roger,Freberg,,Guard,UCLA
NFL1974,12,311,Minnesota Vikings,RandyPoltl,Randy,Poltl,,Defensive back,Stanford
NFL1974,12,312,Miami Dolphins,JimRevels,Jim,Revels,,Defensive back,Florida
NFL1974,13,313,Houston Oilers,DanDixon,Dan,Dixon,,Guard,BoiseState
NFL1974,13,314,San Diego Chargers,BrianVertefeuille,Brian,Vertefeuille,,Tackle,IdahoState
NFL1974,13,315,New York Giants,DennisColvin,Dennis,Colvin,,Tackle,SouthwestTexasState
NFL1974,13,316,Chicago Bears,JoeBarnes,Joe,Barnes,,Quarterback,TexasTech
NFL1974,13,317,Baltimore Colts,RandyHall,Randy,Hall,,Defensive back,Idaho
NFL1974,13,318,New York Jets,JohnTate,John,Tate,,Linebacker,JacksonState
NFL1974,13,319,St Louis Cardinals,JimmyPoulos,Jimmy,Poulos,,Running back,Georgia
NFL1974,13,320,New Orleans Saints,MikeTruax,Mike,Truax,,Linebacker,Tulane
NFL1974,13,321,New England Patriots,PhilBennett,Phil,Bennett,,Running back,BostonCollege
NFL1974,13,322,San Francisco 49ers,TomOwen,Tom,Owen,,Quarterback,WichitaState
NFL1974,13,323,Philadelphia Eagles,LarsDitlev,Lars,Ditlev,,Defensive end,SouthDakotaTech
NFL1974,13,324,Green Bay Packers,EmmanuelArmstrong,Emmanuel,Armstrong,,Linebacker,SanJoseState
NFL1974,13,325,Detroit Lions,FredRothwell,Fred,Rothwell,,Center,KansasState
NFL1974,13,326,Denver Broncos,JohnClerkley,John,Clerkley,,Defensive tackle,FortValleyState
NFL1974,13,327,Cleveland Browns,MikeSeifert,Mike,Seifert,,Defensive end,Wisconsin
NFL1974,13,328,Kansas City Chiefs,NormRomagnoli,Norm,Romagnoli,,Linebacker,KentuckyState
NFL1974,13,329,Atlanta Falcons,RalphPowell,Ralph,Powell,,Running back,Nebraska
NFL1974,13,330,Oakland Raiders,MikeDennery,Mike,Dennery,,Linebacker,SouthernMississippi
NFL1974,13,331,Buffalo Bills,EdGatewood,Ed,Gatewood,,Linebacker,TennesseeState
NFL1974,13,332,Washington Redskins,StuODell,Stu,O'Dell,,Linebacker,Indiana
NFL1974,13,333,Pittsburgh Steelers,FrankKolch,Frank,Kolch,,Quarterback,EasternMichigan
NFL1974,13,334,Dallas Cowboys,FredLima,Fred,Lima,,Kicker,Colorado
NFL1974,13,335,Cincinnati Bengals,TedJornov,Ted,Jornov,,Linebacker,IowaState
NFL1974,13,336,Los Angeles Rams,PeteSolverson,Pete,Solverson,,Tackle,Drake
NFL1974,13,337,Minnesota Vikings,GaryKeller,Gary,Keller,,Defensive tackle,Utah
NFL1974,13,338,Miami Dolphins,ClaytonHeath,Clayton,Heath,,Running back,WakeForest
NFL1974,14,339,Buffalo Bills,PhilLamm,Phil,Lamm,,Defensive back,NorthCarolina
NFL1974,14,340,New York Giants,MikeHayes,Mike,Hayes,,Tackle,VirginiaState
NFL1974,14,341,San Diego Chargers,GregBailey,Greg,Bailey,,Defensive back,LongBeachState
NFL1974,14,342,Chicago Bears,PaulVellano,Paul,Vellano,,Defensive tackle,Maryland
NFL1974,14,343,New York Jets,GregFountain,Greg,Fountain,,Guard,MississippiState
NFL1974,14,344,Baltimore Colts,EdCollins,Ed,Collins,,Wide receiver,Rice
NFL1974,14,345,St Louis Cardinals,CharlesSmith,Charles,Smith,,Running back,Yankton
NFL1974,14,346,New England Patriots,CecilBowens,Cecil,Bowens,,Running back,Kentucky
NFL1974,14,347,San Francisco 49ers,WaltWilliamson,Walt,Williamson,,Defensive end,Michigan
NFL1974,14,348,New Orleans Saints,KentMarshall,Kent,Marshall,,Defensive back,TexasChristian
NFL1974,14,349,Philadelphia Eagles,DaveSmith,Dave,Smith,,Linebacker,Oklahoma
NFL1974,14,350,Green Bay Packers,AndrewNeloms,Andrew,Neloms,,Defensive tackle,KentuckyState
NFL1974,14,351,Detroit Lions,DavidJones,David,Jones,,Defensive back,HowardPayne
NFL1974,14,352,Cleveland Browns,BobHunt,Bob,Hunt,,Running back,Heidelberg
NFL1974,14,353,Kansas City Chiefs,FrankPomarico,Frank,Pomarico,,Guard,NotreDame
NFL1974,14,354,Denver Broncos,RichMarks,Rich,Marks,,Defensive back,NorthernIllinois
NFL1974,14,355,Buffalo Bills,PhilGurbada,Phil,Gurbada,,Defensive back,Mayville
NFL1974,14,356,Atlanta Falcons,JohnGivens,John,Givens,,Guard,Villanova
NFL1974,14,357,Oakland Raiders,DonWillingham,Don,Willingham,,Running back,Wisconsin–Milwaukee
NFL1974,14,358,Pittsburgh Steelers,BruceHenley,Bruce,Henley,,Defensive back,Rice
NFL1974,14,359,Dallas Cowboys,DougRichards,Doug,Richards,,Defensive back,BrighamYoung
NFL1974,14,360,Cincinnati Bengals,MikePhillips,Mike,Phillips,,Tackle,Cornell
NFL1974,14,361,Washington Redskins,DonVanGalder,Don,Van Galder,,Quarterback,Utah
NFL1974,14,362,Los Angeles Rams,AnaniasCarson,Ananias,Carson,,Wide receiver,Langston
NFL1974,14,363,Minnesota Vikings,AlanDixon,Alan,Dixon,,Running back,Harding
NFL1974,14,364,Miami Dolphins,SamJohnson,Sam,Johnson,,Linebacker,ArizonaState
NFL1974,15,365,Houston Oilers,BillyJohnson,Billy,Johnson,,Wide receiver,Widener
NFL1974,15,366,San Diego Chargers,CharlesAnthony,Charles,Anthony,,Linebacker,USC
NFL1974,15,367,New York Giants,LarryJones,Larry,Jones,,Wide receiver,N.E.Missouri
NFL1974,15,368,Chicago Bears,OliverAlexander,Oliver,Alexander,,Tight end,Grambling
NFL1974,15,369,Baltimore Colts,PatKelly,Pat,Kelly,,Linebacker,Richmond
NFL1974,15,370,New York Jets,WillieBrister,Willie,Brister,,Tight end,Southern
NFL1974,15,371,St Louis Cardinals,VinceAncell,Vince,Ancell,,Defensive back,ArkansasState
NFL1974,15,372,San Francisco 49ers,LeonardGray,Leonard,Gray,,Tight end,LongBeachState
NFL1974,15,373,New Orleans Saints,LarryCipa,Larry,Cipa,,Quarterback,Michigan
NFL1974,15,374,New England Patriots,SamHunt,Sam,Hunt,,Linebacker,StephenF.Austin
NFL1974,15,375,Philadelphia Eagles,SidBond,Sid,Bond,,Tackle,TexasChristian
NFL1974,15,376,Green Bay Packers,DaveWannstedt,Dave,Wannstedt,,Tackle,Pittsburgh
NFL1974,15,377,Detroit Lions,JohnWells,John,Wells,,Guard,KansasState
NFL1974,15,378,Kansas City Chiefs,LemBurnham,Lem,Burnham,,Linebacker,U.S.International
NFL1974,15,379,Denver Broncos,PeilPennington,Peil,Pennington,,Quarterback,Massachusetts
NFL1974,15,380,Cleveland Browns,RansomTerrell,Ransom,Terrell,,Linebacker,Arizona
NFL1974,15,381,Atlanta Falcons,WillieJones2,Willie,Jones,,Wide receiver,IowaState
NFL1974,15,382,Buffalo Bills,KenWilliams,Ken,Williams,,Linebacker,SouthwesternLouisiana
NFL1974,15,383,Oakland Raiders,GregMathis,Greg,Mathis,,Defensive back,IdahoState
NFL1974,15,384,Dallas Cowboys,BruceCraft,Bruce,Craft,,Tackle,Geneva
NFL1974,15,385,Cincinnati Bengals,IsaacJackson,Isaac,Jackson,,Running back,KansasState
NFL1974,15,386,San Diego Chargers,GregMeczka,Greg,Meczka,,Tight end,BowlingGreen
NFL1974,15,387,Pittsburgh Steelers,LarryHunt,Larry,Hunt,,Defensive tackle,IowaState
NFL1974,15,388,Los Angeles Rams,BobThomas2,Bob,Thomas,,Kicker,NotreDame
NFL1974,15,389,Minnesota Vikings,KurtWachtler,Kurt,Wachtler,,Defensive tackle,St.John's
NFL1974,15,390,Miami Dolphins,LarryGates,Larry,Gates,,Defensive back,WesternMichigan
NFL1974,15,391,New Orleans Saints,JimPolak,Jim,Polak,,Center,Purdue
NFL1974,16,391,Houston Oilers,MatthewWilliams,Matthew,Williams,,Running back,N.E.Louisiana
NFL1974,16,392,New York Giants,BuddyBrown,Buddy,Brown,,Guard,Alabama
NFL1974,16,393,San Diego Chargers,NealSkarin,Neal,Skarin,,Defensive end,ArizonaState
NFL1974,16,394,Chicago Bears,RandyGeist,Randy,Geist,,Defensive back,Colorado
NFL1974,16,395,New York Jets,JazzJackson,Jazz,Jackson,,Running back,WesternKentucky
NFL1974,16,396,Baltimore Colts,DaveMargavage,Dave,Margavage,,Tackle,Kentucky
NFL1974,16,397,St Louis Cardinals,AlonzoEmery,Alonzo,Emery,,Running back,ArizonaState
NFL1974,16,398,New Orleans Saints,DonColeman,Don,Coleman,,Linebacker,Michigan
NFL1974,16,399,New England Patriots,LuciousSelmon,Lucious,Selmon,,Defensive tackle,Oklahoma
NFL1974,16,400,San Francisco 49ers,JackConners,Jack,Conners,,Defensive back,Oregon
NFL1974,16,401,Philadelphia Eagles,JimSmith2,Jim,Smith,,Linebacker,Monmouth
NFL1974,16,402,Green Bay Packers,MarkCooney,Mark,Cooney,,Linebacker,Colorado
NFL1974,16,403,Detroit Lions,MyronWilson,Myron,Wilson,,Defensive back,BowlingGreen
NFL1974,16,404,Denver Broncos,DarrellAustin,Darrell,Austin,,Tackle,SouthCarolina
NFL1974,16,405,Kansas City Chiefs,BarryBeers,Barry,Beers,,Guard,William&Mary
NFL1974,16,406,Buffalo Bills,SanfordQvale,Sanford,Qvale,,Tackle,NorthDakotaState
NFL1974,16,407,Cleveland Browns,PrestonAnderson,Preston,Anderson,,Defensive back,Rice
NFL1974,16,408,Atlanta Falcons,SylvesterMcGee,Sylvester,McGee,,Running back,RhodeIsland
NFL1974,16,409,Oakland Raiders,DelarioRobinson,Delario,Robinson,,Wide receiver,Kansas
NFL1974,16,410,Cincinnati Bengals,DarrylBishop,Darryl,Bishop,,Defensive back,Kentucky
NFL1974,16,411,Washington Redskins,NateAnderson,Nate,Anderson,,Running back,EasternIllinois
NFL1974,16,412,Pittsburgh Steelers,OctavusMorgan,Octavus,Morgan,,Linebacker,Illinois
NFL1974,16,413,Dallas Cowboys,GeneKillian,Gene,Killian,,Guard,Tennessee
NFL1974,16,414,Los Angeles Rams,DaveOttmar,Dave,Ottmar,,Punter,Stanford
NFL1974,16,415,Minnesota Vikings,JohnGoebel,John,Goebel,,Running back,St.Thomas
NFL1974,16,416,Miami Dolphins,JessieWolf,Jessie,Wolf,,Defensive tackle,PrairieViewA&M
NFL1974,17,417,Houston Oilers,BillHedge,Bill,Hedge,,Tackle,NortheastMissouri
NFL1974,17,418,San Diego Chargers,CharlesDeJurnett,Charles,DeJurnett,,Defensive tackle,SanJoseState
NFL1974,17,419,New York Giants,SteveCrosby,Steve,Crosby,,Running back,FortHaysState
NFL1974,17,420,Chicago Bears,CraigHolland,Craig,Holland,,Quarterback,TexasArlington
NFL1974,17,421,Baltimore Colts,TimBerra,Tim,Berra,,Wide receiver,Massachusetts
NFL1974,17,422,New York Jets,DougLowrey,Doug,Lowrey,,Guard,ArkansasState
NFL1974,17,423,St Louis Cardinals,JohnMoseley,John,Moseley,,Defensive back,Missouri
NFL1974,17,424,New England Patriots,GaryHudson,Gary,Hudson,,Defensive back,BostonCollege
NFL1974,17,425,San Francisco 49ers,LeviStanley,Levi,Stanley,,Guard,Hawaii
NFL1974,17,426,New Orleans Saints,MarvinWilliams,Marvin,Williams,,Wide receiver,WesternIllinois
NFL1974,17,427,Philadelphia Eagles,CliffBrown,Cliff,Brown,,Running back,NotreDame
NFL1974,17,428,Green Bay Packers,RandyWoodfield,Randy,Woodfield,,Wide receiver,PortlandState
NFL1974,17,429,Detroit Lions,CollisTemple,Collis,Temple,,Defensive end,LouisianaState
NFL1974,17,430,Cleveland Browns,CarltonBuchanan,Carlton,Buchanan,,Defensive tackle,SWOklahomaState
NFL1974,17,431,Kansas City Chiefs,DavidLangner,David,Langner,,Defensive back,Auburn
NFL1974,17,432,Denver Broncos,BoydBrown,Boyd,Brown,,Tight end,AlcornA&M
NFL1974,17,433,Atlanta Falcons,AlDavis,Al,Davis,,Guard,BoiseState
NFL1974,17,434,Buffalo Bills,SalCasola,Sal,Casola,,Kicker,Cincinnati
NFL1974,17,435,Oakland Raiders,JamesMorris,James,Morris,,Defensive tackle,MissouriValleyCollege
NFL1974,17,436,Baltimore Colts,BuzzyLewis,Buzzy,Lewis,,Defensive back,FloridaState
NFL1974,17,437,Pittsburgh Steelers,LarryMoore,Larry,Moore,,Defensive end,AngeloState
NFL1974,17,438,Dallas Cowboys,LawrieSkolrood,Lawrie,Skolrood,,Tackle,NorthDakota
NFL1974,17,439,Cincinnati Bengals,JimSmith3,Jim,Smith,,Running back,NorthCarolinaCentral
NFL1974,17,440,Los Angeles Rams,WillieTownsend,Willie,Townsend,,Wide receiver,NotreDame
NFL1974,17,441,Minnesota Vikings,EarlGarrett,Earl,Garrett,,Defensive back,BostonStateCollege
NFL1974,17,442,Miami Dolphins,KenDickerson,Ken,Dickerson,,Defensive back,Tuskegee
