NFL2009,1,1,Detroit Lions,MatthewStafford,Matthew,Stafford,,QB,Georgia
NFL2009,1,2,St Louis Rams,JasonSmith,Jason,Smith,,OT,Baylor
NFL2009,1,3,Kansas City Chiefs,TysonJackson,Tyson,Jackson,,DE,LSU
NFL2009,1,4,Seattle Seahawks,AaronCurry,Aaron,Curry,,LB,WakeForest
NFL2009,1,5,New York Jets,MarkSanchez,Mark,Sanchez,,QB,USC
NFL2009,1,6,Cincinnati Bengals,AndreSmith,Andre,Smith,,OT,Alabama
NFL2009,1,7,Oakland Raiders,DarriusHeywardBey,Darrius,Heyward-Bey,,WR,Maryland
NFL2009,1,8,Jacksonville Jaguars,EugeneMonroe,Eugene,Monroe,,OT,Virginia
NFL2009,1,9,Green Bay Packers,BJRaji,BJ,Raji,,DT,BostonCollege
NFL2009,1,10,San Francisco 49ers,MichaelCrabtree,Michael,Crabtree,,WR,TexasTech
NFL2009,1,11,Buffalo Bills,AaronMaybin,Aaron,Maybin,,DE,PennState
NFL2009,1,12,Denver Broncos,KnowshonMoreno,Knowshon,Moreno,,RB,Georgia
NFL2009,1,13,Washington Redskins,BrianOrakpo,Brian,Orakpo,,DE,Texas
NFL2009,1,14,New Orleans Saints,MalcolmJenkins,Malcolm,Jenkins,,CB,OhioState
NFL2009,1,15,Houston Texans,BrianCushing,Brian,Cushing,,LB,USC
NFL2009,1,16,San Diego Chargers,LarryEnglish,Larry,English,,DE,NIU
NFL2009,1,17,Tampa Bay Buccaneers,JoshFreeman,Josh,Freeman,,QB,KansasState
NFL2009,1,18,Denver Broncos,RobertAyers,Robert,Ayers,,DE,Tennessee
NFL2009,1,19,Philadelphia Eagles,JeremyMaclin,Jeremy,Maclin,,WR,Missouri
NFL2009,1,20,Detroit Lions,BrandonPettigrew,Brandon,Pettigrew,,TE,OklahomaState
NFL2009,1,21,Cleveland Browns,AlexMack,Alex,Mack,,C,California
NFL2009,1,22,Minnesota Vikings,PercyHarvin,Percy,Harvin,,WR,Florida
NFL2009,1,23,Baltimore Ravens,MichaelOher,Michael,Oher,,OT,OleMiss
NFL2009,1,24,Atlanta Falcons,PeriaJerry,Peria,Jerry,,DT,OleMiss
NFL2009,1,25,Miami Dolphins,VontaeDavis,Vontae,Davis,,CB,Illinois
NFL2009,1,26,Green Bay Packers,ClayMatthewsJr,Clay,Matthews,Jr,LB,USC
NFL2009,1,27,Indianapolis Colts,DonaldBrown-2009,Donald,Brown,,RB,Connecticut
NFL2009,1,28,Buffalo Bills,EricWood,Eric,Wood,,C,Louisville
NFL2009,1,29,New York Giants,HakeemNicks,Hakeem,Nicks,,WR,NorthCarolina
NFL2009,1,30,Tennessee Titans,KennyBritt,Kenny,Britt,,WR,Rutgers
NFL2009,1,31,Arizona Cardinals,BeanieWells,Beanie,Wells,,RB,OhioState
NFL2009,1,32,Pittsburgh Steelers,ZiggyHood,Ziggy,Hood,,DT,Missouri
NFL2009,2,33,Detroit Lions,LouisDelmas,Louis,Delmas,,S,WesternMichigan
NFL2009,2,34,New England Patriots,PatrickChung,Patrick,Chung,,S,Oregon
NFL2009,2,35,St Louis Rams,JamesLaurinaitis,James,Laurinaitis,,LB,OhioState
NFL2009,2,36,Cleveland Browns,BrianRobiskie,Brian,Robiskie,,WR,OhioState
NFL2009,2,37,Denver Broncos,AlphonsoSmith,Alphonso,Smith,,CB,WakeForest
NFL2009,2,38,Cincinnati Bengals,ReyMaualuga,Rey,Maualuga,,LB,USC
NFL2009,2,39,Jacksonville Jaguars,EbenBritton,Eben,Britton,,OT,Arizona
NFL2009,2,40,New England Patriots,RonBrace,Ron,Brace,,DT,BostonCollege
NFL2009,2,41,New England Patriots,DariusButler,Darius,Butler,,CB,Connecticut
NFL2009,2,42,Buffalo Bills,JairusByrd,Jairus,Byrd,,S,Oregon
NFL2009,2,43,Carolina Panthers,EveretteBrown,Everette,Brown,,DE,FloridaState
NFL2009,2,44,Miami Dolphins,PatWhite,Pat,White,,QB,WestVirginia
NFL2009,2,45,New York Giants,ClintSintim,Clint,Sintim,,LB,Virginia
NFL2009,2,46,Houston Texans,ConnorBarwin,Connor,Barwin,,DE,Cincinnati
NFL2009,2,47,Oakland Raiders,MichaelMitchell,Michael,Mitchell,,S,Ohio
NFL2009,2,48,Denver Broncos,DarcelMcBath,Darcel,McBath,,S,TexasTech
NFL2009,2,49,Seattle Seahawks,MaxUnger,Max,Unger,,C,Oregon
NFL2009,2,50,Cleveland Browns,MohamedMassaquoi,Mohamed,Massaquoi,,WR,Georgia
NFL2009,2,51,Buffalo Bills,AndyLevitre,Andy,Levitre,,G,OregonState
NFL2009,2,52,Cleveland Browns,DavidVeikune,David,Veikune,,DE,Hawai?i
NFL2009,2,53,Philadelphia Eagles,LeSeanMcCoy,LeSean,McCoy,,RB,Pittsburgh
NFL2009,2,54,Minnesota Vikings,PhilLoadholt,Phil,Loadholt,,OT,Oklahoma
NFL2009,2,55,Atlanta Falcons,WilliamMoore,William,Moore,,S,Missouri
NFL2009,2,56,Indianapolis Colts,FiliMoala,Fili,Moala,,DT,USC
NFL2009,2,57,Baltimore Ravens,PaulKruger,Paul,Kruger,,DE,Utah
NFL2009,2,58,New England Patriots,SebastianVollmer,Sebastian,Vollmer,,OT,Houston
NFL2009,2,59,Carolina Panthers,SherrodMartin,Sherrod,Martin,,CB,Troy
NFL2009,2,60,New York Giants,WilliamBeatty,William,Beatty,,OT,Connecticut
NFL2009,2,61,Miami Dolphins,SeanSmith-2009,Sean,Smith,,CB,Utah
NFL2009,2,62,Tennessee Titans,SenDerrickMarks,Sen'Derrick,Marks,,DT,Auburn
NFL2009,2,63,Arizona Cardinals,CodyBrown,Cody,Brown,,DE,Connecticut
NFL2009,2,64,Denver Broncos,RichardQuinn,Richard,Quinn,,TE,NorthCarolina
NFL2009,3,65,New York Jets,ShonnGreene,Shonn,Greene,,RB,Iowa
NFL2009,3,66,St Louis Rams,BradleyFletcher,Bradley,Fletcher,,CB,Iowa
NFL2009,3,67,Kansas City Chiefs,AlexMagee,Alex,Magee,,DT,Purdue
NFL2009,3,68,Chicago Bears,JarronGilbert,Jarron,Gilbert,,DT,SanJoseState
NFL2009,3,69,Dallas Cowboys,JasonWilliams,Jason,Williams,,LB,WesternIllinois
NFL2009,3,70,Cincinnati Bengals,MichaelJohnson-2009,Michael,Johnson,,DE,GeorgiaTech
NFL2009,3,71,Oakland Raiders,MattShaughnessy,Matt,Shaughnessy,,DE,Wisconsin
NFL2009,3,72,Jacksonville Jaguars,TerranceKnighton,Terrance,Knighton,,DT,Temple
NFL2009,3,73,Jacksonville Jaguars,DerekCox,Derek,Cox,,CB,William&Mary
NFL2009,3,74,San Francisco 49ers,GlenCoffee,Glen,Coffee,,RB,Alabama
NFL2009,3,75,Dallas Cowboys,RobertBrewster,Robert,Brewster,,OT,BallState
NFL2009,3,76,Detroit Lions,DeAndreLevy,DeAndre,Levy,,LB,Wisconsin
NFL2009,3,77,Houston Texans,AntoineCaldwell,Antoine,Caldwell,,C,Alabama
NFL2009,3,78,San Diego Chargers,LouisVasquez,Louis,Vasquez,,G,TexasTech
NFL2009,3,79,Pittsburgh Steelers,KraigUrbik,Kraig,Urbik,,G,Wisconsin
NFL2009,3,80,Washington Redskins,KevinBarnes,Kevin,Barnes,,CB,Maryland
NFL2009,3,81,Tampa Bay Buccaneers,RoyMiller,Roy,Miller,,DT,Texas
NFL2009,3,82,Detroit Lions,DerrickWilliams,Derrick,Williams,,WR,PennState
NFL2009,3,83,New England Patriots,BrandonTate,Brandon,Tate,,WR,NorthCarolina
NFL2009,3,84,Pittsburgh Steelers,MikeWallace,Mike,Wallace,,WR,OleMiss
NFL2009,3,85,New York Giants,RamsesBarden,Ramses,Barden,,WR,CalPoly
NFL2009,3,86,Minnesota Vikings,AsherAllen,Asher,Allen,,CB,Georgia
NFL2009,3,87,Miami Dolphins,PatrickTurner,Patrick,Turner,,WR,USC
NFL2009,3,88,Baltimore Ravens,LardariusWebb,Lardarius,Webb,,CB,NichollsState
NFL2009,3,89,Tennessee Titans,JaredCook,Jared,Cook,,TE,SouthCarolina
NFL2009,3,90,Atlanta Falcons,ChristopherOwens,Christopher,Owens,,CB,SanJoseState
NFL2009,3,91,Seattle Seahawks,DeonButler,Deon,Butler,,WR,PennState
NFL2009,3,92,Indianapolis Colts,JerraudPowers,Jerraud,Powers,,CB,Auburn
NFL2009,3,93,Carolina Panthers,CorveyIrvin,Corvey,Irvin,,DT,Georgia
NFL2009,3,94,Tennessee Titans,RyanMouton,Ryan,Mouton,,CB,Hawaii
NFL2009,3,95,Arizona Cardinals,RashadJohnson,Rashad,Johnson,,S,Alabama
NFL2009,3,96,Pittsburgh Steelers,KeenanLewis,Keenan,Lewis,,CB,OregonState
NFL2009,3,97,New England Patriots,TyroneMcKenzie,Tyrone,McKenzie,,LB,SouthFlorida
NFL2009,3,98,Cincinnati Bengals,ChaseCoffman,Chase,Coffman,,TE,Missouri
NFL2009,3,99,Chicago Bears,JuaquinIglesias,Juaquin,Iglesias,,WR,Oklahoma
NFL2009,3,100,New York Giants,TravisBeckum,Travis,Beckum,,TE,Wisconsin
NFL2009,4,101,Dallas Cowboys,StephenMcGee,Stephen,McGee,,QB,TexasA&M
NFL2009,4,102,Kansas City Chiefs,DonaldWashington,Donald,Washington,,CB,OhioState
NFL2009,4,103,St Louis Rams,DarellScott,Darell,Scott,,DT,Clemson
NFL2009,4,104,Cleveland Browns,KalukaMaiava,Kaluka,Maiava,,LB,USC
NFL2009,4,105,Chicago Bears,HenryMelton,Henry,Melton,,DE,Texas
NFL2009,4,106,Cincinnati Bengals,JonathanLuigs,Jonathan,Luigs,,C,Arkansas
NFL2009,4,107,Jacksonville Jaguars,MikeThomas-2009,Mike,Thomas,,WR,Arizona
NFL2009,4,108,Miami Dolphins,BrianHartline,Brian,Hartline,,WR,OhioState
NFL2009,4,109,Green Bay Packers,TJLang,TJ,Lang,,OT,EasternMichigan
NFL2009,4,110,Dallas Cowboys,VictorButler,Victor,Butler,,DE,OregonState
NFL2009,4,111,Carolina Panthers,MikeGoodson,Mike,Goodson,,RB,TexasA&M
NFL2009,4,112,Houston Texans,GloverQuin,Glover,Quin,,S,NewMexico
NFL2009,4,113,San Diego Chargers,VaughnMartin,Vaughn,Martin,,DT,WesternOntario
NFL2009,4,114,Denver Broncos,DavidBruton,David,Bruton,,S,NotreDame
NFL2009,4,115,Detroit Lions,SammieHill,Sammie,Hill,,DT,Stillman
NFL2009,4,116,New Orleans Saints,ChipVaughn,Chip,Vaughn,,S,WakeForest
NFL2009,4,117,Tampa Bay Buccaneers,KyleMoore,Kyle,Moore,,DE,USC
NFL2009,4,118,New Orleans Saints,StanleyArnoux,Stanley,Arnoux,,LB,WakeForest
NFL2009,4,119,Chicago Bears,DJMoore,DJ,Moore,,CB,Vanderbilt
NFL2009,4,120,Dallas Cowboys,BrandonWilliams,Brandon,Williams,,DE,TexasTech
NFL2009,4,121,Buffalo Bills,ShawnNelson,Shawn,Nelson,,TE,SouthernMiss
NFL2009,4,122,Houston Texans,AnthonyHill,Anthony,Hill,,TE,NCState
NFL2009,4,123,New England Patriots,RichOhrnberger,Rich,Ohrnberger,,G,PennState
NFL2009,4,124,Oakland Raiders,LouisMurphy,Louis,Murphy,,WR,Florida
NFL2009,4,125,Atlanta Falcons,LawrenceSidbury,Lawrence,Sidbury,,DE,Richmond
NFL2009,4,126,Oakland Raiders,SladeNorris,Slade,Norris,,DE,OregonState
NFL2009,4,127,Indianapolis Colts,AustinCollie,Austin,Collie,,WR,BYU
NFL2009,4,128,Carolina Panthers,TonyFiammetta,Tony,Fiammetta,,FB,Syracuse
NFL2009,4,129,New York Giants,AndreBrown,Andre,Brown,,RB,NCState
NFL2009,4,130,Tennessee Titans,GeraldMcRath,Gerald,McRath,,LB,SouthernMiss
NFL2009,4,131,Arizona Cardinals,GregToler,Greg,Toler,,CB,St.Paul'sCollegeVA
NFL2009,4,132,Denver Broncos,SethOlsen,Seth,Olsen,,OT,Iowa
NFL2009,4,133,San Diego Chargers,TyronneGreen,Tyronne,Green,,G,Auburn
NFL2009,4,134,San Diego Chargers,GartrellJohnson,Gartrell,Johnson,,RB,ColoradoState
NFL2009,4,135,Tennessee Titans,TroyKropog,Troy,Kropog,,OT,Tulane
NFL2009,4,136,Indianapolis Colts,TerranceTaylor,Terrance,Taylor,,DT,Michigan
NFL2009,5,137,Baltimore Ravens,JasonPhillips-2009,Jason,Phillips,,LB,TCU
NFL2009,5,138,Atlanta Falcons,WilliamMiddleton,William,Middleton,,CB,Furman
NFL2009,5,139,Kansas City Chiefs,ColinBrown,Colin,Brown,,T,Missouri
NFL2009,5,140,Chicago Bears,JohnnyKnox,Johnny,Knox,,WR,AbileneChristian
NFL2009,5,141,Denver Broncos,KennyMcKinley,Kenny,McKinley,,WR,SouthCarolina
NFL2009,5,142,Cincinnati Bengals,KevinHuber,Kevin,Huber,,P,Cincinnati
NFL2009,5,143,Dallas Cowboys,DeAngeloSmith,DeAngelo,Smith,,CB,Cincinnati
NFL2009,5,144,Jacksonville Jaguars,JarettDillard,Jarett,Dillard,,WR,Rice
NFL2009,5,145,Green Bay Packers,QuinnJohnson,Quinn,Johnson,,FB,LSU
NFL2009,5,146,San Francisco 49ers,ScottMcKillop,Scott,McKillop,,LB,Pittsburgh
NFL2009,5,147,Buffalo Bills,NicHarris,Nic,Harris,,S,Oklahoma
NFL2009,5,148,San Diego Chargers,BrandonHughes,Brandon,Hughes,,CB,OregonState
NFL2009,5,149,Baltimore Ravens,DavonDrew,Davon,Drew,,TE,EastCarolina
NFL2009,5,150,Minnesota Vikings,JasperBrinkley,Jasper,Brinkley,,LB,SouthCarolina
NFL2009,5,151,New York Giants,RhettBomar,Rhett,Bomar,,QB,SamHoustonSt.
NFL2009,5,152,Houston Texans,JamesCasey,James,Casey,,TE,Rice
NFL2009,5,153,Philadelphia Eagles,CorneliusIngram,Cornelius,Ingram,,TE,Florida
NFL2009,5,154,Chicago Bears,MarcusFreeman,Marcus,Freeman,,LB,OhioState
NFL2009,5,155,Tampa Bay Buccaneers,XavierFulton,Xavier,Fulton,,OT,Illinois
NFL2009,5,156,Atlanta Falcons,GarrettReynolds,Garrett,Reynolds,,OT,NorthCarolina
NFL2009,5,157,Philadelphia Eagles,MachoHarris,Macho,Harris,,CB,VirginiaTech
NFL2009,5,158,Washington Redskins,CodyGlenn,Cody,Glenn,,LB,Nebraska
NFL2009,5,159,Philadelphia Eagles,FenukiTupou,Fenuki,Tupou,,OT,Oregon
NFL2009,5,160,St Louis Rams,BrooksFoster,Brooks,Foster,,WR,NorthCarolina
NFL2009,5,161,Miami Dolphins,JohnNalbone,John,Nalbone,,TE,Monmouth
NFL2009,5,162,Green Bay Packers,JamonMeredith,Jamon,Meredith,,OT,SouthCarolina
NFL2009,5,163,Carolina Panthers,DukeRobinson,Duke,Robinson,,G,Oklahoma
NFL2009,5,164,New Orleans Saints,ThomasMorstead,Thomas,Morstead,,P,SMU
NFL2009,5,165,Miami Dolphins,ChrisClemons,Chris,Clemons,,S,Clemson
NFL2009,5,166,Dallas Cowboys,MichaelHamlin,Michael,Hamlin,,S,Clemson
NFL2009,5,167,Arizona Cardinals,HermanJohnson,Herman,Johnson,,G,LSU
NFL2009,5,168,Pittsburgh Steelers,JoeBurnett,Joe,Burnett,,CB,UCF
NFL2009,5,169,Pittsburgh Steelers,FrankSummers,Frank,Summers,,FB,UNLV
NFL2009,5,170,New England Patriots,GeorgeBussey,George,Bussey,,G,Louisville
NFL2009,5,171,San Francisco 49ers,NateDavis,Nate,Davis,,QB,BallState
NFL2009,5,172,Dallas Cowboys,DavidBuehler,David,Buehler,,K,USC
NFL2009,5,173,Tennessee Titans,JavonRinger,Javon,Ringer,,RB,MichiganState
NFL2009,6,174,Denver Broncos,TomBrandstater,Tom,Brandstater,,QB,FresnoState
NFL2009,6,175,Kansas City Chiefs,QuintenLawrence,Quinten,Lawrence,,WR,McNeeseState
NFL2009,6,176,Atlanta Falcons,SpencerAdkins,Spencer,Adkins,,LB,MiamiFL
NFL2009,6,177,Cleveland Browns,DonCarey,Don,Carey,,CB,NorfolkState
NFL2009,6,178,Seattle Seahawks,MikeTeel,Mike,Teel,,QB,Rutgers
NFL2009,6,179,Cincinnati Bengals,MorganTrent,Morgan,Trent,,CB,Michigan
NFL2009,6,180,Jacksonville Jaguars,ZachMiller-2009,Zach,Miller,,TE,Nebraska–Omaha
NFL2009,6,181,Miami Dolphins,AndrewGardner,Andrew,Gardner,,OT,GeorgiaTech
NFL2009,6,182,Green Bay Packers,JariusWynn,Jarius,Wynn,,DE,Georgia
NFL2009,6,183,Buffalo Bills,CaryHarris,Cary,Harris,,CB,USC
NFL2009,6,184,San Francisco 49ers,BearPascoe,Bear,Pascoe,,TE,FresnoState
NFL2009,6,185,Baltimore Ravens,CedricPeerman,Cedric,Peerman,,RB,Virginia
NFL2009,6,186,Washington Redskins,RobertHenson,Robert,Henson,,LB,TCU
NFL2009,6,187,Green Bay Packers,BrandonUnderwood,Brandon,Underwood,,CB,Cincinnati
NFL2009,6,188,Houston Texans,BriceMcCain,Brice,McCain,,CB,Utah
NFL2009,6,189,San Diego Chargers,KevinEllison,Kevin,Ellison,,S,USC
NFL2009,6,190,Chicago Bears,AlAfalava,Al,Afalava,,S,OregonState
NFL2009,6,191,Cleveland Browns,CoyeFrancies,Coye,Francies,,CB,SanJoseState
NFL2009,6,192,Detroit Lions,AaronBrown-2009,Aaron,Brown,,RB,TCU
NFL2009,6,193,New York Jets,MattSlauson,Matt,Slauson,,G,Nebraska
NFL2009,6,194,Philadelphia Eagles,BrandonGibson,Brandon,Gibson,,WR,WashingtonState
NFL2009,6,195,Cleveland Browns,JamesDavis-2009,James,Davis,,RB,Clemson
NFL2009,6,196,St Louis Rams,KeithNull,Keith,Null,,QB,WestTexasA&M
NFL2009,6,197,Dallas Cowboys,StephenHodge,Stephen,Hodge,,S,TCU
NFL2009,6,198,New England Patriots,JakeIngram,Jake,Ingram,,LS,Hawai?i
NFL2009,6,199,Oakland Raiders,StrykerSulak,Stryker,Sulak,,DE,Missouri
NFL2009,6,200,New York Giants,DeAndreWright,DeAndre,Wright,,CB,NewMexico
NFL2009,6,201,Indianapolis Colts,CurtisPainter,Curtis,Painter,,QB,Purdue
NFL2009,6,202,Oakland Raiders,BrandonMyers,Brandon,Myers,,TE,Iowa
NFL2009,6,203,Tennessee Titans,JasonMcCourty,Jason,McCourty,,CB,Rutgers
NFL2009,6,204,Arizona Cardinals,WillDavis,Will,Davis,,DE,Illinois
NFL2009,6,205,Pittsburgh Steelers,RaShonHarris,Ra'Shon,Harris,,DT,Oregon
NFL2009,6,206,Tennessee Titans,DominiqueEdison,Dominique,Edison,,WR,StephenF.Austin
NFL2009,6,207,New England Patriots,MyronPryor,Myron,Pryor,,DT,Kentucky
NFL2009,6,208,Dallas Cowboys,JohnPhillips,John,Phillips,,TE,Virginia
NFL2009,6,209,Cincinnati Bengals,BernardScott,Bernard,Scott,,RB,AbileneChristian
NFL2009,7,210,Atlanta Falcons,VanceWalker,Vance,Walker,,DT,GeorgiaTech
NFL2009,7,211,St Louis Rams,ChrisOgbonnaya,Chris,Ogbonnaya,,RB,Texas
NFL2009,7,212,Kansas City Chiefs,JavarrisWilliams,Javarris,Williams,,RB,TennesseeState
NFL2009,7,213,Philadelphia Eagles,PaulFanaika,Paul,Fanaika,,G,ArizonaState
NFL2009,7,214,Miami Dolphins,JDFolsom,JD,Folsom,,LB,WeberState
NFL2009,7,215,Cincinnati Bengals,FuiVakapuna,Fui,Vakapuna,,RB,BYU
NFL2009,7,216,Carolina Panthers,CaptainMunnerlyn,Captain,Munnerlyn,,CB,SouthCarolina
NFL2009,7,217,Tampa Bay Buccaneers,EJBiggers,EJ,Biggers,,CB,WesternMichigan
NFL2009,7,218,Green Bay Packers,BradJones,Brad,Jones,,LB,Colorado
NFL2009,7,219,San Francisco 49ers,CurtisTaylor,Curtis,Taylor,,S,LSU
NFL2009,7,220,Buffalo Bills,EllisLankster,Ellis,Lankster,,CB,WestVirginia
NFL2009,7,221,Washington Redskins,EddieWilliams,Eddie,Williams,,TE,Idaho
NFL2009,7,222,Indianapolis Colts,PatMcAfee,Pat,McAfee,,P,WestVirginia
NFL2009,7,223,Houston Texans,TroyNolan,Troy,Nolan,,S,ArizonaState
NFL2009,7,224,San Diego Chargers,DemetriusByrd,Demetrius,Byrd,,WR,LSU
NFL2009,7,225,Denver Broncos,BlakeSchlueter,Blake,Schlueter,,C,TCU
NFL2009,7,226,Pittsburgh Steelers,AQShipley,AQ,Shipley,,C,PennState
NFL2009,7,227,Dallas Cowboys,MikeMickens,Mike,Mickens,,CB,Cincinnati
NFL2009,7,228,Detroit Lions,LydonMurtha,Lydon,Murtha,,OT,Nebraska
NFL2009,7,229,Dallas Cowboys,ManuelJohnson,Manuel,Johnson,,WR,Oklahoma
NFL2009,7,230,Philadelphia Eagles,MoiseFokou,Moise,Fokou,,LB,Maryland
NFL2009,7,231,Minnesota Vikings,JamarcaSanford,Jamarca,Sanford,,S,OleMiss
NFL2009,7,232,New England Patriots,JulianEdelman,Julian,Edelman,,WR,KentState
NFL2009,7,233,Tampa Bay Buccaneers,SammieStroughter,Sammie,Stroughter,,WR,OregonState
NFL2009,7,234,New England Patriots,DarrylRichard,Darryl,Richard,,DT,GeorgiaTech
NFL2009,7,235,Detroit Lions,ZackFollett,Zack,Follett,,LB,California
NFL2009,7,236,Indianapolis Colts,JaimieThomas,Jaimie,Thomas,,OT,Maryland
NFL2009,7,237,Kansas City Chiefs,JakeOConnell,Jake,O'Connell,,TE,MiamiOH
NFL2009,7,238,New York Giants,StoneyWoodson,Stoney,Woodson,,CB,SouthCarolina
NFL2009,7,239,Tennessee Titans,RyanDurand,Ryan,Durand,,G,Syracuse
NFL2009,7,240,Arizona Cardinals,LaRodStephensHowling,LaRod,Stephens-Howling,,RB,Pittsburgh
NFL2009,7,241,Pittsburgh Steelers,DavidJohnson,David,Johnson,,TE,ArkansasState
NFL2009,7,242,Tennessee Titans,NickSchommer,Nick,Schommer,,S,NorthDakotaState
NFL2009,7,243,Washington Redskins,MarkoMitchell,Marko,Mitchell,,WR,Nevada
NFL2009,7,244,San Francisco 49ers,RickyJeanFrancois,Ricky,Jean-Francois,,DT,LSU
NFL2009,7,245,Seattle Seahawks,CourtneyGreene,Courtney,Greene,,S,Rutgers
NFL2009,7,246,Chicago Bears,LanceLouis,Lance,Louis,,G,SanDiegoState
NFL2009,7,247,Seattle Seahawks,NickReed,Nick,Reed,,DE,Oregon
NFL2009,7,248,Seattle Seahawks,CameronMorrah,Cameron,Morrah,,TE,California
NFL2009,7,249,Cincinnati Bengals,ClintonMcDonald,Clinton,McDonald,,DE,Memphis
NFL2009,7,250,Jacksonville Jaguars,RashadJennings,Rashad,Jennings,,RB,Liberty
NFL2009,7,251,Chicago Bears,DerekKinder,Derek,Kinder,,WR,Pittsburgh
NFL2009,7,252,Cincinnati Bengals,FreddieBrown,Freddie,Brown,,WR,Utah
NFL2009,7,253,Jacksonville Jaguars,TiquanUnderwood,Tiquan,Underwood,,WR,Rutgers
NFL2009,7,254,Arizona Cardinals,TrevorCanfield,Trevor,Canfield,,G,Cincinnati
NFL2009,7,255,Detroit Lions,DanGronkowski,Dan,Gronkowski,,TE,Maryland
NFL2009,7,256,Kansas City Chiefs,RyanSuccop,Ryan,Succop,,K,SouthCarolina
