NFL2010,1,1,St Louis Rams,SamBradford,Sam,Bradford,,QB,Oklahoma
NFL2010,1,2,Detroit Lions,NdamukongSuh,Ndamukong,Suh,,DT,Nebraska
NFL2010,1,3,Tampa Bay Buccaneers,GeraldMcCoy,Gerald,McCoy,,DT,Oklahoma
NFL2010,1,4,Washington Redskins,TrentWilliams,Trent,Williams,,OT,Oklahoma
NFL2010,1,5,Kansas City Chiefs,EricBerry,Eric,Berry,,S,Tennessee
NFL2010,1,6,Seattle Seahawks,RussellOkung,Russell,Okung,,OT,OklahomaState
NFL2010,1,7,Cleveland Browns,JoeHaden,Joe,Haden,,CB,Florida
NFL2010,1,8,Oakland Raiders,RolandoMcClain,Rolando,McClain,,LB,Alabama
NFL2010,1,9,Buffalo Bills,CJSpiller,CJ,Spiller,,RB,Clemson
NFL2010,1,10,Jacksonville Jaguars,TysonAlualu,Tyson,Alualu,,DT,California
NFL2010,1,11,San Francisco 49ers,AnthonyDavis-2010,Anthony,Davis,,OT,Rutgers
NFL2010,1,12,San Diego Chargers,RyanMathews,Ryan,Mathews,,RB,FresnoState
NFL2010,1,13,Philadelphia Eagles,BrandonGraham,Brandon,Graham,,DE,Michigan
NFL2010,1,14,Seattle Seahawks,EarlThomas,Earl,Thomas,,S,Texas
NFL2010,1,15,New York Giants,JasonPierrePaul,Jason,Pierre-Paul,,DE,SouthFlorida
NFL2010,1,16,Tennessee Titans,DerrickMorgan,Derrick,Morgan,,DE,GeorgiaTech
NFL2010,1,17,San Francisco 49ers,MikeIupati,Mike,Iupati,,G,Idaho
NFL2010,1,18,Pittsburgh Steelers,MaurkicePouncey,Maurkice,Pouncey,,C,Florida
NFL2010,1,19,Atlanta Falcons,SeanWeatherspoon,Sean,Weatherspoon,,LB,Missouri
NFL2010,1,20,Houston Texans,KareemJackson,Kareem,Jackson,,CB,Alabama
NFL2010,1,21,Cincinnati Bengals,JermaineGresham,Jermaine,Gresham,,TE,Oklahoma
NFL2010,1,22,Denver Broncos,DemaryiusThomas,Demaryius,Thomas,,WR,GeorgiaTech
NFL2010,1,23,Green Bay Packers,BryanBulaga,Bryan,Bulaga,,OT,Iowa
NFL2010,1,24,Dallas Cowboys,DezBryant,Dez,Bryant,,WR,OklahomaState
NFL2010,1,25,Denver Broncos,TimTebow,Tim,Tebow,,QB,Florida
NFL2010,1,26,Arizona Cardinals,DanWilliams,Dan,Williams,,DT,Tennessee
NFL2010,1,27,New England Patriots,DevinMcCourty,Devin,McCourty,,CB,Rutgers
NFL2010,1,28,Miami Dolphins,JaredOdrick,Jared,Odrick,,DT,PennState
NFL2010,1,29,New York Jets,KyleWilson,Kyle,Wilson,,CB,BoiseState
NFL2010,1,30,Detroit Lions,JahvidBest,Jahvid,Best,,RB,California
NFL2010,1,31,Indianapolis Colts,JerryHughes,Jerry,Hughes,,DE,TCU
NFL2010,1,32,New Orleans Saints,PatrickRobinson,Patrick,Robinson,,CB,FloridaState
NFL2010,2,33,St Louis Rams,RodgerSaffold,Rodger,Saffold,,OT,Indiana
NFL2010,2,34,Minnesota Vikings,ChrisCook,Chris,Cook,,CB,Virginia
NFL2010,2,35,Tampa Bay Buccaneers,BrianPrice,Brian,Price,,DT,UCLA
NFL2010,2,36,Kansas City Chiefs,DexterMcCluster,Dexter,McCluster,,RB,OleMiss
NFL2010,2,37,Philadelphia Eagles,NateAllen,Nate,Allen,,S,SouthFlorida
NFL2010,2,38,Cleveland Browns,TJWard,TJ,Ward,,S,Oregon
NFL2010,2,39,Tampa Bay Buccaneers,ArreliousBenn,Arrelious,Benn,,WR,Illinois
NFL2010,2,40,Miami Dolphins,KoaMisi,Koa,Misi,,DE,Utah
NFL2010,2,41,Buffalo Bills,TorellTroup,Torell,Troup,,DT,UCF
NFL2010,2,42,New England Patriots,RobGronkowski,Rob,Gronkowski,,TE,Arizona
NFL2010,2,43,Baltimore Ravens,SergioKindle,Sergio,Kindle,,DE,Texas
NFL2010,2,44,Oakland Raiders,LamarrHouston,Lamarr,Houston,,DE,Texas
NFL2010,2,45,Denver Broncos,ZaneBeadles,Zane,Beadles,,OT,Utah
NFL2010,2,46,New York Giants,LinvalJoseph,Linval,Joseph,,DT,EastCarolina
NFL2010,2,47,Arizona Cardinals,DarylWashington,Daryl,Washington,,LB,TCU
NFL2010,2,48,Carolina Panthers,JimmyClausen,Jimmy,Clausen,,QB,NotreDame
NFL2010,2,49,San Francisco 49ers,TaylorMays,Taylor,Mays,,S,USC
NFL2010,2,50,Kansas City Chiefs,JavierArenas,Javier,Arenas,,CB,Alabama
NFL2010,2,51,Minnesota Vikings,TobyGerhart,Toby,Gerhart,,RB,Stanford
NFL2010,2,52,Pittsburgh Steelers,JasonWorilds,Jason,Worilds,,DE,VirginiaTech
NFL2010,2,53,New England Patriots,JermaineCunningham,Jermaine,Cunningham,,DE,Florida
NFL2010,2,54,Cincinnati Bengals,CarlosDunlap,Carlos,Dunlap,,DE,Florida
NFL2010,2,55,Dallas Cowboys,SeanLee,Sean,Lee,,LB,PennState
NFL2010,2,56,Green Bay Packers,MikeNeal,Mike,Neal,,DE,Purdue
NFL2010,2,57,Baltimore Ravens,TerrenceCody,Terrence,Cody,,DT,Alabama
NFL2010,2,58,Houston Texans,BenTate-2010,Ben,Tate,,RB,Auburn
NFL2010,2,59,Cleveland Browns,MontarioHardesty,Montario,Hardesty,,RB,Tennessee
NFL2010,2,60,Seattle Seahawks,GoldenTate,Golden,Tate,,WR,NotreDame
NFL2010,2,61,New York Jets,VladimirDucasse,Vladimir,Ducasse,,OT,Massachusetts
NFL2010,2,62,New England Patriots,BrandonSpikes,Brandon,Spikes,,LB,Florida
NFL2010,2,63,Indianapolis Colts,PatAngerer,Pat,Angerer,,LB,Iowa
NFL2010,2,64,New Orleans Saints,CharlesBrown,Charles,Brown,,OT,USC
NFL2010,3,65,St Louis Rams,JeromeMurphy,Jerome,Murphy,,CB,SouthFlorida
NFL2010,3,66,Detroit Lions,AmariSpievey,Amari,Spievey,,CB,Iowa
NFL2010,3,67,Tampa Bay Buccaneers,MyronLewis,Myron,Lewis,,CB,Vanderbilt
NFL2010,3,68,Kansas City Chiefs,JonAsamoah,Jon,Asamoah,,G,Illinois
NFL2010,3,69,Oakland Raiders,JaredVeldheer,Jared,Veldheer,,OT,Hillsdale
NFL2010,3,70,Baltimore Ravens,EdDickson,Ed,Dickson,,TE,Oregon
NFL2010,3,71,Green Bay Packers,MorganBurnett,Morgan,Burnett,,S,GeorgiaTech
NFL2010,3,72,Buffalo Bills,AlexCarrington,Alex,Carrington,,DE,ArkansasState
NFL2010,3,73,Miami Dolphins,JohnJerry,John,Jerry,,OT,OleMiss
NFL2010,3,74,Jacksonville Jaguars,DAnthonySmith,D'Anthony,Smith,,DT,LouisianaTech
NFL2010,3,75,Chicago Bears,MajorWright,Major,Wright,,S,Florida
NFL2010,3,76,New York Giants,ChadJones,Chad,Jones,,S,LSU
NFL2010,3,77,Tennessee Titans,DamianWilliams,Damian,Williams,,WR,USC
NFL2010,3,78,Carolina Panthers,BrandonLaFell,Brandon,LaFell,,WR,LSU
NFL2010,3,79,San Diego Chargers,DonaldButler,Donald,Butler,,LB,Washington
NFL2010,3,80,Denver Broncos,JDWalton,JD,Walton,,C,Baylor
NFL2010,3,81,Houston Texans,EarlMitchell,Earl,Mitchell,,DT,Arizona
NFL2010,3,82,Pittsburgh Steelers,EmmanuelSanders,Emmanuel,Sanders,,WR,SMU
NFL2010,3,83,Atlanta Falcons,CoreyPeters,Corey,Peters,,DT,Kentucky
NFL2010,3,84,Cincinnati Bengals,JordanShipley,Jordan,Shipley,,WR,Texas
NFL2010,3,85,Cleveland Browns,ColtMcCoy,Colt,McCoy,,QB,Texas
NFL2010,3,86,Philadelphia Eagles,DanielTeoNesheim,Daniel,Te'o-Nesheim,,DE,Washington
NFL2010,3,87,Denver Broncos,EricDecker,Eric,Decker,,WR,Minnesota
NFL2010,3,88,Arizona Cardinals,AndreRoberts,Andre,Roberts,,WR,TheCitadel
NFL2010,3,89,Carolina Panthers,ArmantiEdwards,Armanti,Edwards,,WR,AppalachianState
NFL2010,3,90,New England Patriots,TaylorPrice,Taylor,Price,,WR,Ohio
NFL2010,3,91,San Francisco 49ers,NaVorroBowman,NaVorro,Bowman,,LB,PennState
NFL2010,3,92,Cleveland Browns,ShawnLauvao,Shawn,Lauvao,,OT,ArizonaState
NFL2010,3,93,Kansas City Chiefs,TonyMoeaki,Tony,Moeaki,,TE,Iowa
NFL2010,3,94,Indianapolis Colts,KevinThomas-2010,Kevin,Thomas,,CB,USC
NFL2010,3,95,New Orleans Saints,JimmyGraham,Jimmy,Graham,,TE,MiamiFL
NFL2010,3,96,Cincinnati Bengals,BrandonGhee,Brandon,Ghee,,CB,WakeForest
NFL2010,3,97,Tennessee Titans,RennieCurran,Rennie,Curran,,LB,Georgia
NFL2010,3,98,Atlanta Falcons,MikeJohnson-2010,Mike,Johnson,,G,Alabama
NFL2010,4,99,St Louis Rams,MardyGilyard,Mardy,Gilyard,,WR,Cincinnati
NFL2010,4,100,Minnesota Vikings,EversonGriffen,Everson,Griffen,,DE,USC
NFL2010,4,101,Tampa Bay Buccaneers,MikeWilliams-2010,Mike,Williams,,WR,Syracuse
NFL2010,4,102,Houston Texans,DarrylSharpton,Darryl,Sharpton,,LB,MiamiFL
NFL2010,4,103,Washington Redskins,PerryRiley,Perry,Riley,,LB,LSU
NFL2010,4,104,Tennessee Titans,AlterraunVerner,Alterraun,Verner,,CB,UCLA
NFL2010,4,105,Philadelphia Eagles,TrevardLindley,Trevard,Lindley,,CB,Kentucky
NFL2010,4,106,Oakland Raiders,BruceCampbell,Bruce,Campbell,,OT,Maryland
NFL2010,4,107,Buffalo Bills,MarcusEasley,Marcus,Easley,,WR,Connecticut
NFL2010,4,108,Oakland Raiders,JacobyFord,Jacoby,Ford,,WR,Clemson
NFL2010,4,109,Chicago Bears,CoreyWootton,Corey,Wootton,,DE,Northwestern
NFL2010,4,110,San Diego Chargers,DarrellStuckey,Darrell,Stuckey,,S,Kansas
NFL2010,4,111,Seattle Seahawks,WalterThurmond,Walter,Thurmond,,CB,Oregon
NFL2010,4,112,New York Jets,JoeMcKnight,Joe,McKnight,,RB,USC
NFL2010,4,113,New England Patriots,AaronHernandez,Aaron,Hernandez,,TE,Florida
NFL2010,4,114,Baltimore Ravens,DennisPitta,Dennis,Pitta,,TE,BYU
NFL2010,4,115,New York Giants,PhillipDillard,Phillip,Dillard,,LB,Nebraska
NFL2010,4,116,Pittsburgh Steelers,ThaddeusGibson,Thaddeus,Gibson,,DE,OhioState
NFL2010,4,117,Atlanta Falcons,JoeHawley,Joe,Hawley,,G,UNLV
NFL2010,4,118,Houston Texans,GarrettGraham,Garrett,Graham,,TE,Wisconsin
NFL2010,4,119,Miami Dolphins,AJEdds,AJ,Edds,,LB,Iowa
NFL2010,4,120,Cincinnati Bengals,GenoAtkins,Geno,Atkins,,DT,Georgia
NFL2010,4,121,Philadelphia Eagles,KeenanClayton,Keenan,Clayton,,LB,Oklahoma
NFL2010,4,122,Philadelphia Eagles,MikeKafka,Mike,Kafka,,QB,Northwestern
NFL2010,4,123,New Orleans Saints,AlWoods,Al,Woods,,DT,LSU
NFL2010,4,124,Carolina Panthers,EricNorwood,Eric,Norwood,,LB,SouthCarolina
NFL2010,4,125,Philadelphia Eagles,ClayHarbor,Clay,Harbor,,TE,MissouriState
NFL2010,4,126,Dallas Cowboys,AkwasiOwusuAnsah,Akwasi,Owusu-Ansah,,CB,IndianaPA
NFL2010,4,127,Seattle Seahawks,EJWilson,EJ,Wilson,,DE,NorthCarolina
NFL2010,4,128,Detroit Lions,JasonFox,Jason,Fox,,OT,MiamiFL
NFL2010,4,129,Indianapolis Colts,JacquesMcClendon,Jacques,McClendon,,G,Tennessee
NFL2010,4,130,Arizona Cardinals,OBrienSchofield,O'Brien,Schofield,,DE,Wisconsin
NFL2010,4,131,Cincinnati Bengals,RoddrickMuckelroy,Roddrick,Muckelroy,,LB,Texas
NFL2010,5,132,St Louis Rams,MichaelHoomanawanui,Michael,Hoomanawanui,,TE,Illinois
NFL2010,5,133,Seattle Seahawks,KamChancellor,Kam,Chancellor,,S,VirginiaTech
NFL2010,5,134,Philadelphia Eagles,RickySapp,Ricky,Sapp,,DE,Clemson
NFL2010,5,135,Atlanta Falcons,DominiqueFranks,Dominique,Franks,,CB,Oklahoma
NFL2010,5,136,Kansas City Chiefs,KendrickLewis,Kendrick,Lewis,,S,OleMiss
NFL2010,5,137,Denver Broncos,PerrishCox,Perrish,Cox,,CB,OklahomaState
NFL2010,5,138,Oakland Raiders,WalterMcFadden,Walter,McFadden,,CB,Auburn
NFL2010,5,139,New York Jets,JohnConner-2010,John,Conner,,FB,Kentucky
NFL2010,5,140,Buffalo Bills,EdWang,Ed,Wang,,OT,VirginiaTech
NFL2010,5,141,Chicago Bears,JoshuaMoore,Joshua,Moore,,CB,KansasState
NFL2010,5,142,Kansas City Chiefs,CameronSheffield,Cameron,Sheffield,,DE,Troy
NFL2010,5,143,Jacksonville Jaguars,LarryHart,Larry,Hart,,DE,CentralArkansas
NFL2010,5,144,Houston Texans,SherrickMcManis,Sherrick,McManis,,CB,Northwestern
NFL2010,5,145,Miami Dolphins,NolanCarroll,Nolan,Carroll,,CB,Maryland
NFL2010,5,146,San Diego Chargers,CamThomas,Cam,Thomas,,DT,NorthCarolina
NFL2010,5,147,New York Giants,MitchPetrus,Mitch,Petrus,,G,Arkansas
NFL2010,5,148,Tennessee Titans,RobertJohnson,Robert,Johnson,,S,Utah
NFL2010,5,149,St Louis Rams,HallDavis,Hall,Davis,,DE,Louisiana–Lafayette
NFL2010,5,150,New England Patriots,ZoltanMesko,Zoltan,Mesko,,P,Michigan
NFL2010,5,151,Pittsburgh Steelers,ChrisScott-2010,Chris,Scott,,OT,Tennessee
NFL2010,5,152,Cincinnati Bengals,OtisHudson,Otis,Hudson,,G,EasternIllinois
NFL2010,5,153,Jacksonville Jaguars,AustenLane,Austen,Lane,,DE,MurrayState
NFL2010,5,154,Green Bay Packers,AndrewQuarless,Andrew,Quarless,,TE,PennState
NFL2010,5,155,Arizona Cardinals,JohnSkelton,John,Skelton,,QB,Fordham
NFL2010,5,156,Baltimore Ravens,DavidReed,David,Reed,,WR,Utah
NFL2010,5,157,Baltimore Ravens,ArthurJones,Arthur,Jones,,DT,Syracuse
NFL2010,5,158,New Orleans Saints,MattTennant,Matt,Tennant,,C,BostonCollege
NFL2010,5,159,Philadelphia Eagles,RileyCooper,Riley,Cooper,,WR,Florida
NFL2010,5,160,Cleveland Browns,LarryAsante,Larry,Asante,,S,Nebraska
NFL2010,5,161,Minnesota Vikings,ChrisDeGeare,Chris,DeGeare,,OT,WakeForest
NFL2010,5,162,Indianapolis Colts,BrodyEldridge,Brody,Eldridge,,TE,Oklahoma
NFL2010,5,163,Miami Dolphins,ReshadJones,Reshad,Jones,,S,Georgia
NFL2010,5,164,Pittsburgh Steelers,CrezdonButler,Crezdon,Butler,,CB,Clemson
NFL2010,5,165,Atlanta Falcons,KerryMeier,Kerry,Meier,,WR,Kansas
NFL2010,5,166,Pittsburgh Steelers,StevensonSylvester,Stevenson,Sylvester,,LB,Utah
NFL2010,5,167,Minnesota Vikings,NathanTriplett,Nathan,Triplett,,LB,Minnesota
NFL2010,5,168,San Diego Chargers,JonathanCrompton,Jonathan,Crompton,,QB,Tennessee
NFL2010,5,169,Green Bay Packers,MarshallNewhouse,Marshall,Newhouse,,OT,TCU
NFL2010,6,170,St Louis Rams,FendiOnobun,Fendi,Onobun,,TE,Houston
NFL2010,6,171,Atlanta Falcons,ShannSchillinger,Shann,Schillinger,,S,Montana
NFL2010,6,172,Tampa Bay Buccaneers,BrentBowden,Brent,Bowden,,P,VirginiaTech
NFL2010,6,173,San Francisco 49ers,AnthonyDixon,Anthony,Dixon,,RB,MississippiState
NFL2010,6,174,Washington Redskins,DennisMorris,Dennis,Morris,,TE,LouisianaTech
NFL2010,6,175,Carolina Panthers,GregHardy,Greg,Hardy,,DE,OleMiss
NFL2010,6,176,Tennessee Titans,RustySmith,Rusty,Smith,,QB,FloridaAtlantic
NFL2010,6,177,Cleveland Browns,CarltonMitchell,Carlton,Mitchell,,WR,SouthFlorida
NFL2010,6,178,Buffalo Bills,ArthurMoats,Arthur,Moats,,DE,JamesMadison
NFL2010,6,179,Dallas Cowboys,SamYoung,Sam,Young,,OT,NotreDame
NFL2010,6,180,Jacksonville Jaguars,DejiKarim,Deji,Karim,,RB,SouthernIllinois
NFL2010,6,181,Chicago Bears,DanLeFevour,Dan,LeFevour,,QB,CentralMichigan
NFL2010,6,182,San Francisco 49ers,NateByham,Nate,Byham,,TE,Pittsburgh
NFL2010,6,183,Denver Broncos,EricOlsen,Eric,Olsen,,C,NotreDame
NFL2010,6,184,New York Giants,AdrianTracy,Adrian,Tracy,,LB,William&Mary
NFL2010,6,185,Seattle Seahawks,AnthonyMcCoy,Anthony,McCoy,,TE,USC
NFL2010,6,186,Cleveland Browns,CliftonGeathers,Clifton,Geathers,,DE,SouthCarolina
NFL2010,6,187,Houston Texans,ShelleySmith,Shelley,Smith,,G,ColoradoState
NFL2010,6,188,Pittsburgh Steelers,JonathanDwyer,Jonathan,Dwyer,,RB,GeorgiaTech
NFL2010,6,189,St Louis Rams,EugeneSims,Eugene,Sims,,DE,WestTexasA&M
NFL2010,6,190,Oakland Raiders,TravisGoethel,Travis,Goethel,,LB,ArizonaState
NFL2010,6,191,Cincinnati Bengals,DezmonBriscoe,Dezmon,Briscoe,,WR,Kansas
NFL2010,6,192,Buffalo Bills,DannyBatten,Danny,Batten,,LB,SouthDakotaState
NFL2010,6,193,Green Bay Packers,JamesStarks,James,Starks,,RB,Buffalo
NFL2010,6,194,Baltimore Ravens,RamonHarewood,Ramon,Harewood,,OT,Morehouse
NFL2010,6,195,Pittsburgh Steelers,AntonioBrown,Antonio,Brown,,WR,CentralMichigan
NFL2010,6,196,Dallas Cowboys,JamarWall,Jamar,Wall,,CB,TexasTech
NFL2010,6,197,Houston Texans,TrindonHolliday,Trindon,Holliday,,KR,LSU
NFL2010,6,198,Carolina Panthers,DavidGettis,David,Gettis,,WR,Baylor
NFL2010,6,199,Minnesota Vikings,JoeWebb,Joe,Webb,,QB,UAB
NFL2010,6,200,Philadelphia Eagles,CharlesScott,Charles,Scott,,RB,LSU
NFL2010,6,201,Arizona Cardinals,JorrickCalvin,Jorrick,Calvin,,CB,Troy
NFL2010,6,202,Carolina Panthers,JordanPugh,Jordan,Pugh,,CB,TexasA&M
NFL2010,6,203,Jacksonville Jaguars,ScottyMcGee,Scotty,McGee,,KR,JamesMadison
NFL2010,6,204,Carolina Panthers,TonyPike,Tony,Pike,,QB,Cincinnati
NFL2010,6,205,New England Patriots,TedLarsen,Ted,Larsen,,C,NCState
NFL2010,6,206,San Francisco 49ers,KyleWilliams-2010,Kyle,Williams,,WR,ArizonaState
NFL2010,6,207,Tennessee Titans,MyronRolle,Myron,Rolle,,S,FloridaState
NFL2010,7,208,New England Patriots,ThomasWelch,Thomas,Welch,,OT,Vanderbilt
NFL2010,7,209,Buffalo Bills,LeviBrown-2010,Levi,Brown,,QB,Troy
NFL2010,7,210,Tampa Bay Buccaneers,CodyGrimm,Cody,Grimm,,S,VirginiaTech
NFL2010,7,211,St Louis Rams,MarquisJohnson,Marquis,Johnson,,CB,Alabama
NFL2010,7,212,Miami Dolphins,ChrisMcCoy,Chris,McCoy,,LB,MiddleTennessee
NFL2010,7,213,Detroit Lions,WillieYoung,Willie,Young,,DE,NCState
NFL2010,7,214,Minnesota Vikings,MickeyShuler-2010,Mickey,Shuler,Jr,TE,PennState
NFL2010,7,215,Oakland Raiders,JeremyWare,Jeremy,Ware,,CB,MichiganState
NFL2010,7,216,Buffalo Bills,KyleCalloway,Kyle,Calloway,,OT,Iowa
NFL2010,7,217,Tampa Bay Buccaneers,DekodaWatson,Dekoda,Watson,,LB,FloridaState
NFL2010,7,218,Chicago Bears,JMarcusWebb,J'Marcus,Webb,,OT,WestTexasA&M
NFL2010,7,219,Washington Redskins,TerrenceAustin,Terrence,Austin,,WR,UCLA
NFL2010,7,220,Philadelphia Eagles,JamarChaney,Jamar,Chaney,,LB,MississippiState
NFL2010,7,221,New York Giants,MattDodge,Matt,Dodge,,P,EastCarolina
NFL2010,7,222,Tennessee Titans,MarcMariani,Marc,Mariani,,WR,Montana
NFL2010,7,223,Carolina Panthers,RJStanford,RJ,Stanford,,CB,Utah
NFL2010,7,224,San Francisco 49ers,PhillipAdams,Phillip,Adams,,CB,SouthCarolinaState
NFL2010,7,225,Denver Broncos,SydQuanThompson,Syd'Quan,Thompson,,CB,California
NFL2010,7,226,St Louis Rams,GeorgeSelvie,George,Selvie,,DE,SouthFlorida
NFL2010,7,227,Houston Texans,DorinDickerson,Dorin,Dickerson,,TE,Pittsburgh
NFL2010,7,228,Cincinnati Bengals,ReggieStephens,Reggie,Stephens,,G,IowaState
NFL2010,7,229,Washington Redskins,ErikCook,Erik,Cook,,C,NewMexico
NFL2010,7,230,Green Bay Packers,CJWilson-2010,CJ,Wilson,,DE,EastCarolina
NFL2010,7,231,Washington Redskins,SelvishCapers,Selvish,Capers,,OT,WestVirginia
NFL2010,7,232,Denver Broncos,JammieKirlew,Jammie,Kirlew,,DE,Indiana
NFL2010,7,233,Arizona Cardinals,JimDray,Jim,Dray,,TE,Stanford
NFL2010,7,234,Dallas Cowboys,SeanLissemore,Sean,Lissemore,,DT,William&Mary
NFL2010,7,235,San Diego Chargers,DedrickEpps,Dedrick,Epps,,TE,MiamiFL
NFL2010,7,236,Seattle Seahawks,DexterDavis-2010,Dexter,Davis,,LB,ArizonaState
NFL2010,7,237,Minnesota Vikings,RyanDImperio,Ryan,D'Imperio,,LB,Rutgers
NFL2010,7,238,Indianapolis Colts,RicardoMathews,Ricardo,Mathews,,DT,Cincinnati
NFL2010,7,239,New Orleans Saints,SeanCanfield,Sean,Canfield,,QB,OregonState
NFL2010,7,240,Indianapolis Colts,KavellConner,Kavell,Conner,,LB,Clemson
NFL2010,7,241,Tennessee Titans,DavidHoward,David,Howard,,DT,Brown
NFL2010,7,242,Pittsburgh Steelers,DougWorthington,Doug,Worthington,,DT,OhioState
NFL2010,7,243,Philadelphia Eagles,JeffOwens,Jeff,Owens,,DT,Georgia
NFL2010,7,244,Philadelphia Eagles,KurtColeman,Kurt,Coleman,,S,OhioState
NFL2010,7,245,Seattle Seahawks,JamesonKonz,Jameson,Konz,,FB,KentState
NFL2010,7,246,Indianapolis Colts,RayFisher,Ray,Fisher,,CB,Indiana
NFL2010,7,247,New England Patriots,BrandonDeaderick,Brandon,Deaderick,,DT,Alabama
NFL2010,7,248,New England Patriots,KadeWeston,Kade,Weston,,DT,Georgia
NFL2010,7,249,Carolina Panthers,RobertMcClain,Robert,McClain,,CB,Connecticut
NFL2010,7,250,New England Patriots,ZacRobinson,Zac,Robinson,,QB,OklahomaState
NFL2010,7,251,Oakland Raiders,StevieBrown,Stevie,Brown,,S,Michigan
NFL2010,7,252,Miami Dolphins,AustinSpitler,Austin,Spitler,,LB,OhioState
NFL2010,7,253,Tampa Bay Buccaneers,ErikLorig,Erik,Lorig,,DE,Stanford
NFL2010,7,254,St Louis Rams,JoshHull,Josh,Hull,,LB,PennState
NFL2010,7,255,Detroit Lions,TimToone,Tim,Toone,,WR,WeberState
